"","from","to","weight"
"1",77,1,328
"2",2,1,2387
"3",38,1,1884
"4",1,1,61931
"5",48,1,384
"6",91,1,5439
"7",159,1,1165
"8",8,1,2929
"9",134,1,9
"10",3,1,22264
"11",5,1,903
"12",120,1,73
"13",11,1,259
"14",35,1,101
"15",15,1,182
"16",30,1,395
"17",57,1,349
"18",4,1,86
"19",99,1,454
"20",13,1,264
"21",43,1,16
"22",106,1,267
"23",31,1,5846
"24",90,1,11
"25",54,1,176
"26",56,1,223
"27",16,1,18
"28",64,1,624
"29",159,3,246
"30",3,3,11185
"31",91,3,328
"32",134,3,5
"33",30,5,90
"34",5,5,8912
"35",159,5,341
"36",91,5,1227
"37",77,5,1134
"38",2,5,259
"39",64,5,259
"40",77,7,36
"41",5,7,7
"42",7,7,13098
"43",38,7,166
"44",56,7,12
"45",159,7,1
"46",77,8,4808
"47",5,8,884
"48",159,8,2835
"49",2,8,12805
"50",3,8,4758
"51",4,8,37
"52",8,8,7850
"53",91,8,469
"54",73,8,5
"55",134,8,27
"56",1,8,3939
"57",64,8,268
"58",120,8,139
"59",127,8,3
"60",119,8,2
"61",99,8,118
"62",11,8,130
"63",10,8,38
"64",13,13,33173
"65",30,13,649
"66",159,13,159
"67",39,13,14
"68",31,13,4749
"69",14,14,506
"70",91,15,88
"71",5,15,155
"72",2,15,1454
"73",4,15,29
"74",159,15,56
"75",77,15,136
"76",38,15,17
"77",21,15,47
"78",16,16,248
"79",7,16,28
"80",159,16,10
"81",17,17,94
"82",18,18,1311
"83",159,18,7
"84",19,19,4437
"85",159,19,24
"86",29,19,62
"87",30,19,782
"88",59,19,2
"89",30,20,601
"90",22,22,5797
"91",134,22,12
"92",7,22,60
"93",159,22,228
"94",65,22,524
"95",21,22,76
"96",146,22,7
"97",91,22,393
"98",30,22,137
"99",56,22,203
"100",64,22,56
"101",110,22,2
"102",32,22,20
"103",24,24,8114
"104",159,24,30
"105",120,29,8
"106",5,29,36
"107",31,29,5241
"108",1,29,34
"109",159,29,71
"110",29,29,3826
"111",38,30,105
"112",159,30,10
"113",1,32,58
"114",159,32,69
"115",38,32,77
"116",2,32,6
"117",32,32,554
"118",22,32,20
"119",116,32,2
"120",91,32,7
"121",134,32,6
"122",15,32,8
"123",30,32,9
"124",56,32,18
"125",54,32,2
"126",18,32,2
"127",33,33,12514
"128",159,33,15
"129",22,33,26
"130",77,36,33
"131",91,36,222
"132",36,36,2654
"133",7,36,5
"134",38,36,15
"135",159,36,44
"136",29,36,17
"137",134,36,2
"138",40,40,955
"139",43,43,111
"140",159,43,125
"141",134,43,29
"142",148,43,1
"143",85,43,11
"144",91,43,29
"145",56,43,13
"146",44,44,291
"147",134,44,1
"148",159,44,1
"149",64,44,3
"150",46,46,1168
"151",77,48,689
"152",2,48,5979
"153",159,48,994
"154",8,48,244
"155",3,48,1126
"156",57,48,22
"157",38,48,202
"158",1,48,736
"159",91,48,387
"160",74,48,104
"161",48,48,2135
"162",120,48,37
"163",5,48,339
"164",64,48,42
"165",35,48,7
"166",44,48,4
"167",134,48,29
"168",92,48,17
"169",36,48,9
"170",119,48,2
"171",6,48,4
"172",11,48,33
"173",13,48,29
"174",99,48,73
"175",49,48,1
"176",50,50,856
"177",159,50,8
"178",51,51,99
"179",159,51,13
"180",54,54,358
"181",159,54,6
"182",55,55,420
"183",56,56,5692
"184",38,56,36
"185",159,56,5
"186",57,57,1084
"187",91,57,52
"188",159,57,501
"189",134,57,34
"190",38,57,3
"191",148,57,2
"192",31,57,195
"193",64,57,18
"194",30,57,25
"195",59,59,283
"196",61,61,111
"197",159,61,4
"198",63,63,278
"199",91,64,10
"200",1,64,7
"201",64,64,243
"202",159,64,5
"203",85,64,12
"204",30,64,16
"205",50,64,3
"206",134,64,1
"207",38,65,46
"208",159,65,29
"209",134,65,1
"210",21,65,2
"211",91,65,5
"212",30,65,7
"213",73,65,2
"214",68,68,87
"215",134,68,33
"216",159,68,29
"217",91,68,15
"218",56,68,12
"219",95,68,1
"220",48,74,4
"221",74,74,79
"222",5,74,5
"223",90,74,3
"224",3,74,1
"225",57,74,1
"226",38,74,1
"227",159,74,2
"228",91,76,3
"229",64,76,2
"230",99,76,1
"231",3,77,2
"232",77,77,289
"233",5,77,17
"234",15,77,2
"235",159,77,16
"236",64,77,201
"237",120,77,7
"238",91,77,116
"239",80,80,103
"240",21,85,3
"241",159,85,9
"242",38,85,4
"243",30,85,1
"244",90,90,21
"245",159,91,52770
"246",5,91,18636
"247",22,91,7693
"248",56,91,6810
"249",15,91,1745
"250",91,91,94465
"251",1,91,59501
"252",38,91,4112
"253",2,91,16932
"254",120,91,818
"255",74,91,690
"256",8,91,1217
"257",77,91,5544
"258",51,91,351
"259",48,91,836
"260",64,91,3071
"261",55,91,161
"262",30,91,8192
"263",3,91,17704
"264",47,91,30
"265",92,91,1068
"266",88,91,357
"267",11,91,1463
"268",99,91,2610
"269",89,91,20
"270",134,91,4061
"271",36,91,147
"272",57,91,914
"273",85,91,127
"274",153,91,79
"275",21,91,3234
"276",94,91,185
"277",54,91,252
"278",35,91,336
"279",100,91,440
"280",44,91,127
"281",111,91,1068
"282",62,91,15
"283",16,91,1630
"284",19,91,161
"285",29,91,1213
"286",63,91,294
"287",4,91,591
"288",32,91,1163
"289",174,91,21
"290",86,91,41
"291",208,91,2
"292",49,91,121
"293",166,91,24
"294",76,91,7
"295",72,91,70
"296",59,91,131
"297",127,91,23
"298",18,91,247
"299",13,91,623
"300",90,91,58
"301",130,91,62
"302",7,91,3943
"303",98,91,414
"304",95,91,1411
"305",10,91,153
"306",146,91,118
"307",65,91,968
"308",175,91,10
"309",20,91,477
"310",97,91,19
"311",152,91,7
"312",158,91,21
"313",9,91,91
"314",43,91,121
"315",71,91,76
"316",66,91,29
"317",117,91,58
"318",136,91,14
"319",190,91,10
"320",145,91,18
"321",107,91,9
"322",25,91,16
"323",148,91,528
"324",131,91,41
"325",33,91,90
"326",114,91,7
"327",110,91,48
"328",129,91,53
"329",170,91,40
"330",123,91,43
"331",39,91,117
"332",50,91,45
"333",149,91,41
"334",73,91,147
"335",103,91,39
"336",75,91,33
"337",42,91,17
"338",17,91,99
"339",23,91,373
"340",197,91,2
"341",102,91,25
"342",93,91,10
"343",200,91,2
"344",82,91,18
"345",58,91,51
"346",187,91,20
"347",68,91,36
"348",37,91,41
"349",45,91,23
"350",119,91,28
"351",87,91,9
"352",142,91,23
"353",40,91,12
"354",31,91,1188
"355",189,91,7
"356",106,91,217
"357",12,91,15
"358",167,91,5
"359",27,91,253
"360",137,91,1
"361",24,91,135
"362",41,91,4
"363",141,91,5
"364",185,91,11
"365",207,91,6
"366",133,91,61
"367",61,91,22
"368",52,91,5
"369",113,91,7
"370",121,91,13
"371",168,91,6
"372",14,91,6
"373",181,91,9
"374",6,91,202
"375",60,91,2
"376",79,91,4
"377",80,91,54
"378",138,91,19
"379",179,91,5
"380",125,91,14
"381",28,91,30
"382",201,91,1
"383",160,91,11
"384",46,91,7
"385",26,91,27
"386",53,91,24
"387",151,91,57
"388",67,91,4
"389",116,91,7
"390",95,95,1650
"391",159,95,172
"392",15,95,69
"393",3,95,47
"394",22,95,39
"395",65,95,21
"396",38,95,5
"397",134,95,7
"398",91,95,29
"399",5,99,362
"400",99,99,2196
"401",91,99,137
"402",77,99,239
"403",159,99,181
"404",64,99,130
"405",92,99,14
"406",120,99,11
"407",1,99,124
"408",100,100,95
"409",107,107,7
"410",110,110,46
"411",159,110,33
"412",111,111,75
"413",5,111,2
"414",64,111,79
"415",113,113,298
"416",4,113,12
"417",159,113,197
"418",143,113,3
"419",32,113,2
"420",134,113,9
"421",79,113,10
"422",38,113,6
"423",5,113,1
"424",37,113,3
"425",91,113,10
"426",25,113,1
"427",30,113,8
"428",8,113,3
"429",11,113,3
"430",65,113,1
"431",57,113,3
"432",1,120,346
"433",91,120,84
"434",120,120,950
"435",64,120,203
"436",77,120,100
"437",38,120,1361
"438",5,120,257
"439",159,120,450
"440",8,120,12
"441",74,120,15
"442",73,120,15
"443",17,120,6
"444",111,120,13
"445",30,120,79
"446",99,120,18
"447",11,120,49
"448",167,120,11
"449",29,120,4
"450",2,120,113
"451",20,120,1
"452",57,120,49
"453",44,120,4
"454",3,120,61
"455",65,120,3
"456",56,120,11
"457",4,120,59
"458",24,120,9
"459",123,123,41
"460",159,123,7
"461",30,123,6
"462",125,125,37
"463",134,125,1
"464",159,125,3
"465",142,142,17
"466",32,142,1
"467",146,146,26
"468",5,159,1962
"469",38,159,5706
"470",30,159,2781
"471",4,159,598
"472",159,159,5341
"473",91,159,1511
"474",3,159,557
"475",77,159,1028
"476",120,159,2634
"477",21,159,114
"478",64,159,759
"479",134,159,119
"480",88,159,43
"481",56,159,1155
"482",1,159,5272
"483",8,159,73
"484",65,159,249
"485",98,159,39
"486",22,159,544
"487",7,159,928
"488",15,159,90
"489",174,159,1
"490",32,159,40
"491",57,159,289
"492",51,159,156
"493",18,159,28
"494",31,159,386
"495",11,159,216
"496",73,159,24
"497",148,159,93
"498",123,159,2
"499",39,159,34
"500",102,159,3
"501",85,159,15
"502",132,159,4
"503",152,159,2
"504",49,159,36
"505",23,159,3
"506",80,159,9
"507",20,159,27
"508",89,159,4
"509",29,159,42
"510",92,159,81
"511",10,159,12
"512",59,159,17
"513",13,159,117
"514",63,159,50
"515",68,159,8
"516",9,159,19
"517",145,159,1
"518",118,159,1
"519",170,159,2
"520",95,159,18
"521",99,159,400
"522",138,159,6
"523",24,159,8
"524",168,168,3
"525",41,1,26
"526",2,2,5662
"527",8,2,252
"528",38,3,126
"529",8,3,431
"530",4,4,37100
"531",31,4,33982
"532",8,4,326
"533",8,5,253
"534",7,4,4106
"535",6,6,2112
"536",31,6,1723
"537",99,5,1160
"538",43,8,1631
"539",31,8,1011
"540",116,8,400
"541",91,4,4422
"542",9,9,3436
"543",84,1,3
"544",1,2,34
"545",10,10,1210
"546",31,10,727
"547",8,10,12
"548",11,11,1500
"549",12,12,3179
"550",31,12,2642
"551",8,12,12
"552",7,12,190
"553",30,12,3
"554",15,12,5
"555",31,14,1092
"556",31,3,167
"557",43,15,403
"558",31,15,875
"559",15,15,2242
"560",32,1,77
"561",31,11,131
"562",8,11,12
"563",111,1,129
"564",31,16,201
"565",51,1,90
"566",8,17,1
"567",31,17,35
"568",31,18,373
"569",89,18,1
"570",30,4,836
"571",36,4,100
"572",20,20,19614
"573",8,20,7
"574",21,21,4147
"575",31,21,2775
"576",8,21,69
"577",39,22,5
"578",8,22,4
"579",23,23,1031
"580",31,23,1241
"581",8,23,4
"582",91,12,24
"583",31,7,8451
"584",8,7,536
"585",29,4,816
"586",49,24,99
"587",160,4,54
"588",157,24,11
"589",22,21,5212
"590",59,21,85
"591",38,21,76
"592",25,25,710
"593",31,25,669
"594",8,25,10
"595",15,25,45
"596",26,26,13
"597",3,2,144
"598",31,19,1125
"599",8,19,4
"600",33,7,4195
"601",27,27,7129
"602",2,20,3
"603",29,20,107
"604",81,1,238
"605",30,28,1630
"606",7,10,44
"607",30,30,11477
"608",31,30,3563
"609",138,30,18
"610",49,30,77
"611",45,31,67
"612",31,31,58444
"613",57,32,1178
"614",8,32,31
"615",65,15,63
"616",8,15,15
"617",21,1,46
"618",148,8,503
"619",36,8,285
"620",74,1,338
"621",33,30,207
"622",31,33,14584
"623",8,33,11
"624",22,30,90
"625",8,30,26
"626",136,4,12
"627",8,18,43
"628",34,34,1778
"629",15,18,1
"630",46,7,22
"631",35,35,183
"632",1,3,213
"633",8,24,33
"634",86,1,24
"635",15,4,278
"636",8,13,4
"637",86,12,77
"638",30,8,40
"639",31,20,3411
"640",30,37,10
"641",99,3,12
"642",8,29,15
"643",7,29,937
"644",31,24,1785
"645",91,2,58
"646",91,24,691
"647",65,24,79
"648",41,24,35
"649",4,30,179
"650",38,38,3495
"651",13,4,911
"652",24,4,180
"653",20,24,200
"654",102,1,27
"655",39,39,4176
"656",31,39,2622
"657",4,39,67
"658",73,1,49
"659",92,1,249
"660",125,21,3
"661",31,40,173
"662",29,30,54
"663",13,29,44
"664",5,4,75
"665",27,4,21
"666",31,38,1954
"667",8,38,2
"668",119,1,51
"669",33,3,4
"670",32,7,15
"671",4,41,253
"672",47,8,7
"673",7,21,260
"674",23,1,21
"675",171,1,5
"676",31,2,1148
"677",42,42,2733
"678",31,42,2042
"679",36,3,2
"680",38,25,9
"681",154,25,4
"682",31,43,49
"683",9,43,1
"684",20,43,1
"685",8,43,1
"686",8,42,8
"687",88,1,152
"688",65,8,297
"689",31,44,112
"690",43,44,1
"691",31,22,1831
"692",8,6,16
"693",155,1,9
"694",35,4,36
"695",31,34,2375
"696",174,1,15
"697",56,4,829
"698",58,30,167
"699",9,1,7
"700",56,24,80
"701",68,4,21
"702",45,45,112
"703",31,45,33
"704",7,45,3
"705",38,5,157
"706",7,32,41
"707",145,1,2
"708",54,4,322
"709",65,3,2
"710",2,3,119
"711",62,29,3832
"712",126,4,14
"713",30,25,49
"714",41,4,176
"715",7,24,67
"716",15,24,105
"717",138,1,1
"718",21,8,199
"719",29,3,4
"720",35,3,2
"721",133,1,10
"722",86,5,12
"723",30,11,86
"724",19,4,79
"725",31,28,403
"726",1,30,52
"727",64,30,45
"728",13,20,1015
"729",92,4,7
"730",8,46,2
"731",15,21,2600
"732",7,39,94
"733",81,39,5
"734",29,8,25
"735",4,22,26
"736",15,22,123
"737",20,30,348
"738",89,1,4
"739",47,47,1778
"740",91,47,26
"741",44,1,82
"742",31,27,7260
"743",8,27,5
"744",101,18,4
"745",25,1,13
"746",15,29,49
"747",1,6,2
"748",75,1,8
"749",8,14,2
"750",29,7,597
"751",15,10,11
"752",11,3,6
"753",49,1,37
"754",54,3,16
"755",59,4,93
"756",2,6,1
"757",7,6,88
"758",131,21,9
"759",3,5,158
"760",51,3,3
"761",49,49,305
"762",91,19,509
"763",8,9,15
"764",7,9,297
"765",15,9,132
"766",4,20,125
"767",113,20,2
"768",47,4,144
"769",3,39,4
"770",49,39,44
"771",104,1,3
"772",48,4,129
"773",98,4,79
"774",195,3,1
"775",7,18,6
"776",33,4,108
"777",64,4,42
"778",65,30,12
"779",72,4,150
"780",5,30,47
"781",4,7,82
"782",10,4,253
"783",4,31,47
"784",4,50,89
"785",74,5,31
"786",102,30,12
"787",31,51,45
"788",7,1,184
"789",92,3,9
"790",65,4,172
"791",32,12,3
"792",52,52,3
"793",8,36,3
"794",157,36,1
"795",55,4,59
"796",31,5,722
"797",30,38,97
"798",53,53,727
"799",31,53,710
"800",1,5,297
"801",31,47,318
"802",8,47,2
"803",8,31,3
"804",151,1,14
"805",85,14,2
"806",98,8,10
"807",169,1,12
"808",37,1,29
"809",116,15,60
"810",123,4,7
"811",31,9,804
"812",39,4,107
"813",39,5,12
"814",7,5,38
"815",30,54,57
"816",107,18,10
"817",38,11,65
"818",41,19,1
"819",32,8,175
"820",148,15,80
"821",30,3,24
"822",58,3,2
"823",4,29,266
"824",53,32,1
"825",35,5,10
"826",94,5,29
"827",18,1,49
"828",136,3,1
"829",92,32,2
"830",101,39,1
"831",8,39,2
"832",31,36,410
"833",18,4,197
"834",30,52,15
"835",15,8,44
"836",8,56,2
"837",91,50,75
"838",49,4,99
"839",113,8,201
"840",169,3,1
"841",93,12,1
"842",7,38,116
"843",51,38,25
"844",44,38,10
"845",197,1,3
"846",98,30,47
"847",58,58,287
"848",31,58,31
"849",30,58,15
"850",28,1,6
"851",24,2,6
"852",22,24,85
"853",88,3,19
"854",15,3,54
"855",10,19,63
"856",24,1,34
"857",41,9,5
"858",57,3,39
"859",7,42,145
"860",45,4,21
"861",6,4,393
"862",9,4,467
"863",31,46,905
"864",47,60,10
"865",31,60,22
"866",31,61,41
"867",10,1,57
"868",62,62,407
"869",32,56,64
"870",146,3,1
"871",91,29,342
"872",7,33,444
"873",86,7,6
"874",15,7,603
"875",37,4,438
"876",4,9,188
"877",11,18,1
"878",32,42,5
"879",155,4,9
"880",86,42,54
"881",15,42,28
"882",3,7,9
"883",66,1,20
"884",15,6,27
"885",30,7,59
"886",86,29,25
"887",15,27,16
"888",65,29,15
"889",29,1,201
"890",64,33,4
"891",65,42,11
"892",8,55,3
"893",57,4,89
"894",38,2,23
"895",91,42,49
"896",71,42,5
"897",13,30,1011
"898",31,54,112
"899",4,54,10
"900",29,33,43
"901",38,29,113
"902",6,65,2
"903",31,65,82
"904",66,66,520
"905",7,47,2
"906",7,30,296
"907",131,4,4
"908",58,1,7
"909",126,1,2
"910",15,11,27
"911",67,67,293
"912",8,44,2
"913",6,1,34
"914",55,1,94
"915",31,66,277
"916",68,1,17
"917",21,38,31
"918",31,69,1
"919",46,42,13
"920",38,42,71
"921",27,70,116
"922",31,70,247
"923",170,54,2
"924",46,14,2
"925",82,4,9
"926",7,55,5
"927",81,6,2
"928",32,27,41
"929",7,23,34
"930",10,30,98
"931",22,7,8
"932",33,14,4
"933",47,14,4
"934",10,14,28
"935",27,14,8
"936",143,30,8
"937",20,4,386
"938",65,1,25
"939",54,7,13
"940",41,33,55
"941",7,14,112
"942",71,71,202
"943",91,71,10
"944",29,38,69
"945",86,4,43
"946",96,29,7
"947",162,1,51
"948",3,31,3
"949",41,7,9
"950",72,72,75
"951",160,1,18
"952",87,28,5
"953",68,18,1
"954",34,67,1
"955",7,27,121
"956",66,29,29
"957",51,29,21
"958",31,67,491
"959",73,73,59
"960",31,73,42
"961",31,55,130
"962",91,27,38
"963",22,1,31
"964",29,27,49
"965",86,6,10
"966",15,33,206
"967",81,42,2
"968",27,6,4
"969",23,38,164
"970",184,1,36
"971",92,5,37
"972",19,29,5
"973",42,38,42
"974",75,75,55
"975",91,11,60
"976",42,1,6
"977",35,7,97
"978",86,3,2
"979",30,42,9
"980",61,7,21
"981",91,7,126
"982",65,46,3
"983",31,63,46
"984",31,62,50
"985",27,29,13
"986",76,76,10
"987",6,7,64
"988",78,78,34
"989",31,32,413
"990",38,4,233
"991",58,4,193
"992",21,28,321
"993",6,27,648
"994",61,29,22
"995",7,13,56
"996",79,79,5
"997",31,80,49
"998",65,65,1118
"999",31,81,5
"1000",54,33,106
"1001",108,52,8
"1002",31,52,36
"1003",20,13,325
"1004",15,5,43
"1005",74,10,3
"1006",30,29,62
"1007",23,29,23
"1008",10,29,26
"1009",31,71,313
"1010",15,71,1
"1011",82,82,44
"1012",5,14,1
"1013",97,7,2
"1014",6,29,31
"1015",23,6,10
"1016",21,24,80
"1017",17,4,77
"1018",10,42,6
"1019",44,42,2
"1020",31,50,182
"1021",139,3,7
"1022",83,83,1
"1023",7,61,2
"1024",31,59,154
"1025",42,29,53
"1026",50,33,10
"1027",66,27,830
"1028",84,84,13
"1029",31,84,10
"1030",12,1,2
"1031",30,24,445
"1032",81,4,8
"1033",85,85,28
"1034",100,1,5
"1035",101,1,22
"1036",38,23,19
"1037",91,66,17
"1038",4,14,2
"1039",30,49,13
"1040",31,49,40
"1041",91,30,657
"1042",108,67,18
"1043",86,21,75
"1044",31,86,26
"1045",150,14,1
"1046",31,68,9
"1047",91,28,149
"1048",17,11,7
"1049",7,44,8
"1050",53,7,11
"1051",128,27,1
"1052",87,87,41
"1053",31,35,147
"1054",4,35,11
"1055",18,27,5
"1056",32,18,35
"1057",172,21,1
"1058",86,55,200
"1059",22,8,492
"1060",6,38,300
"1061",30,21,108
"1062",24,10,3
"1063",88,88,17
"1064",7,88,1
"1065",29,24,45
"1066",25,27,6
"1067",43,38,2
"1068",31,89,8
"1069",18,54,10
"1070",32,54,6
"1071",55,21,26
"1072",30,79,4
"1073",153,2,7
"1074",49,8,176
"1075",119,4,50
"1076",56,30,142
"1077",1,33,33
"1078",32,4,156
"1079",111,28,4
"1080",149,30,7
"1081",22,18,11
"1082",7,34,72
"1083",42,47,1
"1084",9,30,63
"1085",51,27,2
"1086",1,38,46
"1087",57,30,69
"1088",96,31,274
"1089",23,39,3
"1090",65,32,12
"1091",92,92,70
"1092",93,93,31
"1093",20,29,27
"1094",88,38,3
"1095",94,94,28
"1096",27,53,2
"1097",129,30,12
"1098",30,31,70
"1099",96,96,32
"1100",31,96,10
"1101",57,28,12
"1102",178,28,9
"1103",28,28,490
"1104",30,16,133
"1105",57,46,7
"1106",6,39,64
"1107",32,20,6
"1108",86,20,18
"1109",91,21,824
"1110",91,18,77
"1111",54,21,19
"1112",57,56,688
"1113",37,56,4
"1114",39,56,7
"1115",175,56,2
"1116",155,56,7
"1117",111,24,79
"1118",57,31,12
"1119",42,18,2
"1120",34,7,67
"1121",45,22,667
"1122",18,22,16
"1123",149,21,12
"1124",57,21,33
"1125",32,86,1
"1126",97,97,78
"1127",16,30,35
"1128",21,30,616
"1129",30,73,6
"1130",44,31,45
"1131",14,4,7
"1132",66,56,5
"1133",15,56,469
"1134",111,21,19
"1135",31,56,2433
"1136",169,5,7
"1137",1,24,21
"1138",32,24,16
"1139",28,18,3
"1140",27,18,7
"1141",55,39,716
"1142",199,18,2
"1143",38,27,51
"1144",36,30,93
"1145",36,29,6
"1146",91,33,327
"1147",98,98,308
"1148",104,28,36
"1149",15,30,209
"1150",116,21,6
"1151",32,23,1
"1152",29,93,1
"1153",31,93,11
"1154",44,24,6
"1155",98,22,34
"1156",15,14,11
"1157",30,18,70
"1158",86,30,5
"1159",32,100,2
"1160",22,15,837
"1161",32,15,24
"1162",35,30,11
"1163",86,18,20
"1164",101,101,7
"1165",61,32,4
"1166",160,46,3
"1167",104,20,3
"1168",35,18,2
"1169",24,21,229
"1170",4,21,399
"1171",23,35,3
"1172",146,16,2
"1173",65,56,145
"1174",22,98,21
"1175",116,38,20
"1176",21,19,85
"1177",102,4,13
"1178",116,12,3
"1179",17,1,37
"1180",67,42,2
"1181",126,33,7
"1182",98,56,86
"1183",38,71,1
"1184",11,39,2
"1185",142,75,1
"1186",49,18,5
"1187",91,13,879
"1188",7,40,220
"1189",38,18,13
"1190",45,18,2
"1191",49,36,67
"1192",59,36,4
"1193",34,31,9
"1194",129,1,12
"1195",51,5,39
"1196",109,33,2
"1197",15,20,124
"1198",110,31,84
"1199",89,4,16
"1200",19,18,6
"1201",24,15,71
"1202",29,86,5
"1203",117,87,8
"1204",29,15,54
"1205",98,21,124
"1206",86,54,1
"1207",36,15,86
"1208",18,30,54
"1209",102,102,199
"1210",31,102,91
"1211",86,53,1
"1212",7,53,27
"1213",91,9,253
"1214",170,75,1
"1215",54,18,15
"1216",56,21,555
"1217",85,38,2
"1218",80,54,2
"1219",145,22,1
"1220",63,30,22
"1221",113,15,23
"1222",149,22,3
"1223",103,103,2
"1224",58,38,1
"1225",48,27,4
"1226",9,39,5
"1227",104,104,24
"1228",54,56,14
"1229",14,7,10
"1230",98,3,3
"1231",65,39,129
"1232",105,105,4
"1233",31,95,97
"1234",29,42,48
"1235",190,46,1
"1236",160,39,9
"1237",37,33,13
"1238",1,106,5
"1239",17,18,3
"1240",116,1,2
"1241",4,18,23
"1242",33,22,15
"1243",24,7,24
"1244",70,70,37
"1245",100,16,1
"1246",39,33,36
"1247",49,20,824
"1248",16,18,2
"1249",30,56,118
"1250",44,4,19
"1251",29,22,298
"1252",12,21,3
"1253",158,8,5
"1254",66,24,1
"1255",23,7,81
"1256",13,24,236
"1257",86,24,4
"1258",133,24,1
"1259",32,38,12
"1260",30,35,11
"1261",57,18,3
"1262",156,18,6
"1263",21,4,224
"1264",71,1,6
"1265",56,3,20
"1266",51,4,61
"1267",100,33,6
"1268",97,22,23
"1269",61,38,89
"1270",45,33,12
"1271",3,4,57
"1272",91,31,111
"1273",5,33,14
"1274",121,4,18
"1275",36,39,2
"1276",5,20,10
"1277",45,56,20
"1278",55,56,8
"1279",127,56,2
"1280",3,54,3
"1281",40,33,9
"1282",53,4,9
"1283",32,107,1
"1284",17,33,96
"1285",24,13,611
"1286",7,25,27
"1287",66,42,4
"1288",91,45,24
"1289",123,3,2
"1290",151,33,3
"1291",89,89,13
"1292",32,89,2
"1293",91,46,52
"1294",44,22,13
"1295",104,25,36
"1296",31,41,86
"1297",17,21,15
"1298",56,40,243
"1299",33,29,27
"1300",29,21,577
"1301",10,39,22
"1302",18,97,1
"1303",38,97,1
"1304",90,33,26
"1305",57,7,17
"1306",91,38,153
"1307",91,40,90
"1308",4,33,65
"1309",89,38,1
"1310",89,22,10
"1311",55,33,44
"1312",31,85,9
"1313",30,33,78
"1314",136,8,1
"1315",11,5,128
"1316",45,1,19
"1317",181,39,1
"1318",10,56,6
"1319",188,56,7
"1320",81,8,1
"1321",108,108,122
"1322",180,1,4
"1323",120,57,4
"1324",9,18,4
"1325",57,33,5
"1326",156,39,1
"1327",19,24,33
"1328",9,19,79
"1329",42,53,1
"1330",116,53,31
"1331",91,6,58
"1332",6,15,1
"1333",111,5,129
"1334",21,5,35
"1335",146,56,48
"1336",71,29,4
"1337",19,10,33
"1338",89,33,6
"1339",54,14,9
"1340",17,56,6
"1341",31,37,101
"1342",31,109,1
"1343",160,22,17
"1344",98,1,12
"1345",22,4,123
"1346",37,34,2
"1347",9,27,3
"1348",11,57,2
"1349",147,33,197
"1350",92,8,55
"1351",38,22,13
"1352",97,21,20
"1353",31,110,42
"1354",23,110,2
"1355",10,33,14
"1356",38,33,21
"1357",17,39,10
"1358",68,39,10
"1359",15,39,34
"1360",24,22,283
"1361",72,39,2
"1362",42,33,1
"1363",30,26,1
"1364",21,111,35
"1365",31,111,12
"1366",1,56,23
"1367",59,56,3
"1368",85,9,1
"1369",111,4,48
"1370",44,7,3
"1371",56,8,5
"1372",101,8,11
"1373",73,11,17
"1374",150,38,2
"1375",13,31,11
"1376",9,10,28
"1377",7,15,16
"1378",7,110,7
"1379",37,39,1
"1380",35,39,11
"1381",6,56,3
"1382",47,33,10
"1383",10,21,8
"1384",73,33,11
"1385",2,4,9
"1386",12,38,45
"1387",73,39,6
"1388",4,5,98
"1389",24,57,7
"1390",43,30,9
"1391",22,56,132
"1392",7,56,60
"1393",136,21,6
"1394",91,56,331
"1395",18,6,1
"1396",26,1,8
"1397",51,57,6
"1398",63,24,10
"1399",170,15,3
"1400",35,22,2
"1401",98,29,6
"1402",26,33,9
"1403",56,9,36
"1404",35,33,32
"1405",31,64,30
"1406",46,4,36
"1407",99,11,50
"1408",23,12,29
"1409",64,21,25
"1410",39,21,40
"1411",52,4,5
"1412",39,25,10
"1413",112,112,2
"1414",87,4,70
"1415",12,4,72
"1416",18,21,24
"1417",129,21,8
"1418",89,21,20
"1419",123,8,2
"1420",177,56,3
"1421",4,38,42
"1422",107,4,41
"1423",91,10,33
"1424",55,7,11
"1425",33,39,7
"1426",55,30,28
"1427",66,7,37
"1428",11,64,7
"1429",20,7,14
"1430",48,7,12
"1431",107,8,3
"1432",23,4,43
"1433",60,30,13
"1434",130,30,132
"1435",4,25,14
"1436",91,25,34
"1437",22,45,6
"1438",46,65,12
"1439",60,60,43
"1440",155,60,1
"1441",7,20,26
"1442",130,4,17
"1443",140,38,1
"1444",52,39,6
"1445",35,29,9
"1446",92,113,3
"1447",97,4,22
"1448",56,33,66
"1449",114,114,57
"1450",19,114,44
"1451",9,114,22
"1452",22,59,2
"1453",74,3,12
"1454",61,14,4
"1455",160,30,157
"1456",66,38,163
"1457",72,21,19
"1458",39,98,1
"1459",44,98,6
"1460",127,21,6
"1461",25,21,37
"1462",13,5,131
"1463",79,1,6
"1464",195,30,1
"1465",92,33,1
"1466",30,9,15
"1467",38,39,33
"1468",102,22,18
"1469",4,6,7
"1470",29,41,11
"1471",39,55,4
"1472",190,55,1
"1473",31,98,128
"1474",33,17,1
"1475",3,11,14
"1476",23,14,21
"1477",1,21,18
"1478",25,3,1
"1479",59,8,3
"1480",146,4,55
"1481",26,21,7
"1482",92,11,19
"1483",199,1,1
"1484",50,8,5
"1485",141,33,9
"1486",141,4,8
"1487",11,38,28
"1488",49,32,1
"1489",18,33,7
"1490",26,3,2
"1491",8,102,4
"1492",36,65,1
"1493",90,11,3
"1494",64,11,53
"1495",11,10,1
"1496",34,32,1
"1497",119,7,1
"1498",30,111,1
"1499",30,39,93
"1500",13,11,15
"1501",71,3,14
"1502",39,10,9
"1503",30,50,67
"1504",57,115,3
"1505",115,115,5
"1506",144,115,1
"1507",59,29,5
"1508",121,25,7
"1509",46,43,1
"1510",59,1,14
"1511",91,39,90
"1512",10,22,6
"1513",38,45,2
"1514",33,44,4
"1515",24,111,2
"1516",7,111,2
"1517",33,111,2
"1518",43,21,10
"1519",150,4,25
"1520",102,21,6
"1521",72,1,5
"1522",116,42,2
"1523",123,21,10
"1524",32,29,8
"1525",64,24,40
"1526",28,4,125
"1527",56,11,3
"1528",44,8,2
"1529",53,116,73
"1530",9,21,35
"1531",17,30,8
"1532",87,30,42
"1533",43,22,10
"1534",171,4,17
"1535",99,21,3
"1536",16,11,5
"1537",61,30,12
"1538",89,11,2
"1539",19,33,23
"1540",117,21,5
"1541",37,31,61
"1542",7,50,27
"1543",97,30,3
"1544",10,50,15
"1545",114,3,1
"1546",117,1,1
"1547",17,14,4
"1548",146,30,3
"1549",15,67,3
"1550",46,50,108
"1551",12,29,26
"1552",11,30,40
"1553",30,98,63
"1554",64,98,26
"1555",5,11,36
"1556",66,3,4
"1557",17,35,2
"1558",51,8,73
"1559",100,21,9
"1560",58,21,32
"1561",21,11,8
"1562",73,30,6
"1563",22,50,4
"1564",18,50,5
"1565",15,50,3
"1566",130,1,17
"1567",49,33,7
"1568",21,33,17
"1569",61,33,15
"1570",36,33,3
"1571",56,100,5
"1572",35,11,14
"1573",141,21,17
"1574",3,33,5
"1575",183,33,2
"1576",44,30,7
"1577",110,30,3
"1578",11,17,3
"1579",51,17,1
"1580",38,16,3
"1581",111,30,42
"1582",51,33,2
"1583",38,24,41
"1584",9,8,4
"1585",24,27,13
"1586",21,54,8
"1587",66,14,5
"1588",68,30,12
"1589",32,65,12
"1590",47,1,13
"1591",66,4,40
"1592",38,8,311
"1593",131,15,14
"1594",12,7,90
"1595",54,22,3
"1596",51,7,9
"1597",101,30,16
"1598",190,4,10
"1599",11,4,27
"1600",50,4,52
"1601",13,21,179
"1602",30,15,4
"1603",77,92,2
"1604",1,14,7
"1605",170,21,7
"1606",194,33,1
"1607",87,22,7
"1608",62,4,5
"1609",146,21,18
"1610",64,15,27
"1611",75,33,3
"1612",100,11,1
"1613",177,27,1
"1614",57,11,14
"1615",26,11,6
"1616",28,21,7
"1617",57,50,9
"1618",29,50,8
"1619",71,66,1
"1620",57,29,7
"1621",46,29,48
"1622",54,77,3
"1623",11,77,3
"1624",38,77,4
"1625",4,77,5
"1626",44,77,1
"1627",17,77,1
"1628",35,77,2
"1629",57,77,1
"1630",47,50,3
"1631",50,54,3
"1632",66,33,7
"1633",170,31,3
"1634",43,11,1
"1635",5,92,2
"1636",38,66,19
"1637",56,15,39
"1638",30,14,1
"1639",162,4,2
"1640",39,46,1
"1641",38,50,46
"1642",155,33,1
"1643",9,33,23
"1644",46,110,4
"1645",7,65,8
"1646",12,57,3
"1647",154,54,3
"1648",59,33,26
"1649",111,3,10
"1650",37,21,20
"1651",72,30,53
"1652",95,33,8
"1653",49,17,2
"1654",48,3,47
"1655",14,1,6
"1656",25,33,7
"1657",10,7,30
"1658",121,21,10
"1659",130,21,45
"1660",91,53,25
"1661",144,30,3
"1662",25,28,283
"1663",102,8,1
"1664",60,4,6
"1665",61,1,12
"1666",77,11,11
"1667",32,9,9
"1668",22,9,31
"1669",50,30,18
"1670",25,4,114
"1671",7,59,5
"1672",46,21,1
"1673",31,117,2
"1674",1,117,2
"1675",50,1,9
"1676",101,21,4
"1677",55,19,7
"1678",114,4,38
"1679",28,30,31
"1680",1,4,66
"1681",54,19,6
"1682",17,87,1
"1683",10,66,7
"1684",44,66,2
"1685",7,8,24
"1686",9,56,8
"1687",139,11,4
"1688",13,22,34
"1689",116,4,7
"1690",44,11,2
"1691",92,18,7
"1692",101,15,5
"1693",179,102,3
"1694",139,1,22
"1695",190,1,12
"1696",136,1,2
"1697",115,1,2
"1698",50,22,9
"1699",101,80,1
"1700",44,21,5
"1701",19,30,66
"1702",49,15,10
"1703",146,15,2
"1704",95,56,18
"1705",175,7,1
"1706",1,11,41
"1707",4,11,8
"1708",171,38,5
"1709",94,10,2
"1710",90,30,16
"1711",85,21,1
"1712",73,15,1
"1713",158,15,5
"1714",81,33,5
"1715",178,1,10
"1716",55,2,1
"1717",30,104,16
"1718",177,57,13
"1719",15,57,10
"1720",29,11,8
"1721",179,21,4
"1722",53,38,35
"1723",174,11,1
"1724",27,10,1
"1725",38,46,22
"1726",118,24,17
"1727",73,21,2
"1728",42,61,1
"1729",192,30,12
"1730",11,21,4
"1731",7,19,24
"1732",24,19,161
"1733",110,4,4
"1734",93,21,6
"1735",31,118,5
"1736",36,118,3
"1737",50,11,4
"1738",171,33,2
"1739",15,19,7
"1740",33,28,15
"1741",118,118,11
"1742",99,4,14
"1743",47,19,7
"1744",81,21,1
"1745",64,27,10
"1746",134,11,3
"1747",131,22,3
"1748",51,11,6
"1749",2,21,2
"1750",33,21,5
"1751",114,18,1
"1752",35,19,2
"1753",205,21,2
"1754",32,50,13
"1755",44,50,6
"1756",91,97,5
"1757",30,102,3
"1758",6,33,99
"1759",112,11,1
"1760",65,27,1
"1761",1,22,6
"1762",94,102,4
"1763",36,1,20
"1764",3,29,5
"1765",37,29,5
"1766",25,39,14
"1767",94,1,66
"1768",53,29,5
"1769",15,65,2
"1770",30,95,15
"1771",98,18,3
"1772",22,11,1
"1773",136,30,12
"1774",39,30,33
"1775",191,21,1
"1776",122,21,1
"1777",11,73,2
"1778",152,4,23
"1779",49,11,1
"1780",33,55,1
"1781",54,29,11
"1782",10,38,19
"1783",61,19,8
"1784",128,21,1
"1785",31,113,17
"1786",95,4,28
"1787",13,7,43
"1788",63,4,41
"1789",31,116,113
"1790",119,119,30
"1791",34,1,3
"1792",178,33,3
"1793",24,42,5
"1794",30,36,91
"1795",4,24,60
"1796",32,21,30
"1797",27,30,1
"1798",28,39,4
"1799",9,38,8
"1800",62,1,2
"1801",41,41,156
"1802",84,67,4
"1803",27,7,65
"1804",49,13,1800
"1805",139,38,6
"1806",31,120,2
"1807",31,74,6
"1808",51,21,6
"1809",55,24,3
"1810",36,38,8
"1811",15,97,4
"1812",31,97,34
"1813",158,19,2
"1814",33,15,6
"1815",51,16,2
"1816",149,40,1
"1817",145,4,6
"1818",24,20,149
"1819",32,2,3
"1820",26,4,10
"1821",58,39,7
"1822",22,40,27
"1823",23,42,4
"1824",34,92,18
"1825",31,92,17
"1826",24,41,28
"1827",24,38,50
"1828",29,51,4
"1829",178,4,7
"1830",121,121,13
"1831",37,37,152
"1832",20,48,10
"1833",194,39,1
"1834",65,20,108
"1835",7,31,30
"1836",44,122,1
"1837",31,122,1
"1838",31,48,95
"1839",71,4,9
"1840",41,29,4
"1841",101,4,12
"1842",31,108,324
"1843",121,28,13
"1844",123,39,10
"1845",29,5,346
"1846",29,23,6
"1847",34,42,3
"1848",34,10,2
"1849",101,33,4
"1850",142,4,18
"1851",29,62,1
"1852",13,18,45
"1853",10,24,8
"1854",29,10,3
"1855",38,41,1
"1856",54,71,1
"1857",126,71,1
"1858",4,71,1
"1859",93,4,7
"1860",12,23,2
"1861",29,46,3
"1862",73,4,24
"1863",91,34,61
"1864",62,53,2
"1865",114,31,1
"1866",23,53,3
"1867",41,25,1
"1868",128,1,5
"1869",31,87,10
"1870",67,108,1
"1871",51,19,9
"1872",1,39,7
"1873",4,47,30
"1874",37,12,5
"1875",124,124,1
"1876",31,124,1
"1877",91,20,503
"1878",104,4,38
"1879",31,125,25
"1880",168,4,2
"1881",18,55,3
"1882",35,55,1
"1883",18,37,5
"1884",58,54,3
"1885",34,78,1
"1886",31,78,30
"1887",54,23,1
"1888",4,3,3
"1889",115,4,2
"1890",63,1,113
"1891",10,53,3
"1892",13,51,15
"1893",83,7,1
"1894",25,31,10
"1895",4,42,4
"1896",15,100,4
"1897",54,126,1
"1898",127,127,28
"1899",85,4,8
"1900",54,30,70
"1901",31,99,17
"1902",31,128,1
"1903",87,13,31
"1904",119,24,24
"1905",154,13,1
"1906",52,25,2
"1907",105,10,2
"1908",30,129,8
"1909",31,129,7
"1910",13,129,5
"1911",171,9,1
"1912",34,38,63
"1913",24,39,17
"1914",7,116,2
"1915",48,30,35
"1916",80,30,20
"1917",104,30,52
"1918",178,39,1
"1919",135,4,9
"1920",91,63,5
"1921",13,39,56
"1922",64,20,104
"1923",4,36,319
"1924",38,12,38
"1925",142,1,2
"1926",74,4,9
"1927",33,13,14
"1928",16,24,31
"1929",127,30,17
"1930",25,30,44
"1931",18,38,6
"1932",13,36,297
"1933",19,1,11
"1934",46,30,1
"1935",9,20,34
"1936",29,98,2
"1937",48,13,41
"1938",85,13,11
"1939",136,13,2
"1940",108,7,2
"1941",171,13,18
"1942",31,72,19
"1943",1,50,1
"1944",56,50,9
"1945",20,1,203
"1946",51,39,18
"1947",117,30,17
"1948",20,58,5
"1949",91,58,2
"1950",48,58,1
"1951",30,6,2
"1952",38,13,75
"1953",130,130,21
"1954",80,4,19
"1955",3,106,20
"1956",77,22,5
"1957",25,13,43
"1958",13,38,36
"1959",80,20,11
"1960",13,17,3
"1961",15,17,1
"1962",57,39,14
"1963",13,33,30
"1964",44,33,5
"1965",5,39,8
"1966",126,126,7
"1967",180,126,1
"1968",58,126,1
"1969",71,35,2
"1970",55,20,11
"1971",80,39,1
"1972",128,29,1
"1973",33,53,145
"1974",4,53,6
"1975",54,53,1
"1976",74,53,1
"1977",18,53,4
"1978",30,53,1
"1979",9,53,2
"1980",110,53,1
"1981",13,98,10
"1982",36,98,4
"1983",21,98,17
"1984",24,33,6
"1985",24,16,6
"1986",33,20,18
"1987",58,28,203
"1988",134,30,4
"1989",144,29,2
"1990",31,79,4
"1991",39,79,1
"1992",41,16,6
"1993",74,2,11
"1994",5,2,6
"1995",16,4,22
"1996",119,19,5
"1997",38,28,93
"1998",201,28,20
"1999",29,28,7
"2000",60,28,12
"2001",59,28,4
"2002",22,28,2
"2003",47,28,6
"2004",37,30,28
"2005",13,15,8
"2006",15,16,7
"2007",111,31,1
"2008",31,131,9
"2009",131,131,16
"2010",13,9,83
"2011",59,39,6
"2012",132,132,7
"2013",32,33,14
"2014",135,10,5
"2015",18,29,2
"2016",39,54,14
"2017",1,20,26
"2018",111,56,2
"2019",49,7,8
"2020",4,89,1
"2021",13,80,5
"2022",33,31,9
"2023",13,54,18
"2024",141,54,4
"2025",91,44,104
"2026",47,44,43
"2027",150,44,22
"2028",13,28,59
"2029",92,20,1
"2030",133,133,6
"2031",134,134,9
"2032",55,38,20
"2033",61,3,1
"2034",23,3,2
"2035",55,3,4
"2036",48,5,70
"2037",63,21,8
"2038",1,13,54
"2039",9,86,2
"2040",86,86,47
"2041",48,38,15
"2042",28,7,1
"2043",4,13,141
"2044",20,21,71
"2045",70,27,38
"2046",160,9,4
"2047",50,45,2
"2048",119,22,66
"2049",74,30,4
"2050",113,4,5
"2051",3,30,33
"2052",1,74,3
"2053",23,33,1
"2054",72,13,11
"2055",12,24,1
"2056",52,1,8
"2057",21,13,70
"2058",65,13,8
"2059",113,38,5
"2060",31,90,6
"2061",13,90,2
"2062",29,90,5
"2063",59,16,4
"2064",22,16,2
"2065",54,39,11
"2066",101,13,16
"2067",52,46,2
"2068",57,20,27
"2069",31,104,6
"2070",204,4,2
"2071",146,33,5
"2072",4,59,2
"2073",24,59,1
"2074",44,39,4
"2075",98,13,22
"2076",40,4,19
"2077",24,30,101
"2078",135,135,18
"2079",59,30,21
"2080",31,94,25
"2081",91,94,6
"2082",1,94,3
"2083",153,5,33
"2084",57,38,12
"2085",56,38,43
"2086",50,36,13
"2087",56,13,68
"2088",100,127,1
"2089",29,39,38
"2090",20,39,28
"2091",94,38,5
"2092",38,20,103
"2093",190,39,1
"2094",11,35,3
"2095",172,1,4
"2096",46,33,5
"2097",20,16,4
"2098",18,13,32
"2099",121,30,8
"2100",20,5,32
"2101",63,20,27
"2102",30,10,4
"2103",63,3,3
"2104",136,136,9
"2105",81,3,5
"2106",90,29,2
"2107",105,29,1
"2108",85,1,4
"2109",18,39,3
"2110",82,64,1
"2111",20,36,173
"2112",79,9,4
"2113",18,9,4
"2114",15,36,12
"2115",87,36,12
"2116",20,2,2
"2117",85,22,1
"2118",63,22,1
"2119",48,9,7
"2120",38,127,5
"2121",57,22,11
"2122",55,135,2
"2123",137,137,1
"2124",39,38,24
"2125",29,13,98
"2126",177,13,13
"2127",7,102,4
"2128",127,28,36
"2129",20,51,6
"2130",48,51,5
"2131",138,138,2
"2132",89,13,3
"2133",39,20,25
"2134",99,24,8
"2135",4,19,90
"2136",99,13,21
"2137",29,57,7
"2138",56,20,10
"2139",9,24,26
"2140",77,19,2
"2141",65,19,5
"2142",50,19,8
"2143",39,1,28
"2144",67,1,3
"2145",185,21,3
"2146",60,33,21
"2147",16,13,75
"2148",1,81,5
"2149",13,81,7
"2150",9,7,3
"2151",18,31,18
"2152",29,47,17
"2153",30,87,7
"2154",13,87,5
"2155",13,19,73
"2156",91,98,11
"2157",15,13,14
"2158",107,38,1
"2159",15,108,1
"2160",1,23,5
"2161",65,36,9
"2162",20,64,2
"2163",50,38,2
"2164",49,38,21
"2165",11,139,12
"2166",63,5,7
"2167",95,21,7
"2168",160,21,14
"2169",91,108,1
"2170",95,98,2
"2171",40,21,1
"2172",51,98,7
"2173",38,140,1
"2174",64,29,9
"2175",63,9,4
"2176",54,38,3
"2177",129,4,20
"2178",13,63,2
"2179",20,63,13
"2180",24,50,41
"2181",50,31,4
"2182",22,31,5
"2183",1,28,2
"2184",23,28,13
"2185",30,62,4
"2186",38,54,1
"2187",21,40,4
"2188",143,1,12
"2189",101,38,5
"2190",30,51,6
"2191",96,4,1
"2192",19,20,27
"2193",20,19,33
"2194",58,36,8
"2195",119,20,5
"2196",29,56,48
"2197",49,28,2
"2198",150,47,12
"2199",22,20,19
"2200",30,44,88
"2201",13,44,15
"2202",51,30,37
"2203",101,110,1
"2204",122,33,1
"2205",104,13,17
"2206",151,13,3
"2207",21,56,25
"2208",51,77,4
"2209",130,13,4
"2210",38,31,40
"2211",20,87,2
"2212",179,4,15
"2213",36,22,9
"2214",39,127,1
"2215",63,57,125
"2216",82,24,192
"2217",18,56,47
"2218",85,6,1
"2219",20,28,5
"2220",65,40,3
"2221",9,16,1
"2222",47,13,14
"2223",30,48,18
"2224",73,13,3
"2225",58,33,6
"2226",54,36,13
"2227",55,13,12
"2228",116,27,8
"2229",101,20,12
"2230",123,38,7
"2231",82,36,49
"2232",51,24,26
"2233",36,24,54
"2234",17,36,3
"2235",36,56,14
"2236",30,141,1
"2237",137,1,2
"2238",10,13,12
"2239",185,4,5
"2240",13,64,3
"2241",144,7,3
"2242",63,7,1
"2243",41,22,3
"2244",24,9,20
"2245",195,4,4
"2246",56,90,3
"2247",99,46,28
"2248",49,44,2
"2249",16,54,1
"2250",125,13,6
"2251",127,63,4
"2252",13,56,13
"2253",152,33,1
"2254",54,11,17
"2255",94,11,3
"2256",49,10,1
"2257",38,34,32
"2258",91,16,4
"2259",95,16,5
"2260",108,1,3
"2261",29,67,1
"2262",146,20,1
"2263",29,63,5
"2264",63,13,13
"2265",125,1,9
"2266",50,13,16
"2267",44,12,1
"2268",111,6,1
"2269",20,33,14
"2270",25,11,11
"2271",20,11,11
"2272",20,72,2
"2273",31,114,13
"2274",102,56,2
"2275",155,13,13
"2276",64,13,47
"2277",16,20,15
"2278",76,104,2
"2279",13,104,2
"2280",16,39,1
"2281",98,40,7
"2282",20,9,13
"2283",81,30,5
"2284",68,33,3
"2285",21,36,29
"2286",11,20,6
"2287",11,14,3
"2288",19,7,1
"2289",79,4,19
"2290",60,13,29
"2291",11,24,12
"2292",1,16,3
"2293",1,54,4
"2294",13,25,7
"2295",32,13,9
"2296",73,20,42
"2297",90,20,70
"2298",54,50,16
"2299",24,29,39
"2300",9,29,8
"2301",145,33,2
"2302",119,44,1
"2303",39,44,4
"2304",36,2,2
"2305",47,10,1
"2306",138,24,3
"2307",110,40,5
"2308",171,7,2
"2309",92,7,16
"2310",4,51,1
"2311",91,51,4
"2312",71,7,6
"2313",79,30,3
"2314",56,39,6
"2315",10,63,1
"2316",10,6,3
"2317",48,6,5
"2318",56,6,2
"2319",15,38,9
"2320",5,38,17
"2321",63,38,3
"2322",144,13,2
"2323",155,24,2
"2324",20,66,6
"2325",81,2,3
"2326",24,47,1
"2327",119,47,1
"2328",31,26,8
"2329",47,24,13
"2330",30,143,4
"2331",19,143,1
"2332",13,10,11
"2333",51,36,5
"2334",13,47,6
"2335",35,56,15
"2336",56,29,74
"2337",13,77,2
"2338",101,36,5
"2339",57,13,22
"2340",60,24,11
"2341",22,13,232
"2342",116,116,26
"2343",9,13,26
"2344",145,56,5
"2345",111,13,28
"2346",30,59,26
"2347",19,59,1
"2348",29,59,1
"2349",20,49,6
"2350",56,19,15
"2351",48,20,17
"2352",59,24,1
"2353",54,24,21
"2354",86,2,1
"2355",13,49,16
"2356",35,49,1
"2357",15,98,12
"2358",49,98,7
"2359",149,98,1
"2360",149,56,38
"2361",1,7,12
"2362",194,4,2
"2363",99,38,2
"2364",157,30,9
"2365",33,1,17
"2366",133,5,9
"2367",166,24,2
"2368",38,106,8
"2369",174,106,4
"2370",7,11,10
"2371",48,36,4
"2372",28,36,62
"2373",119,10,1
"2374",57,5,30
"2375",3,38,3
"2376",73,16,1
"2377",91,59,4
"2378",20,44,1
"2379",44,56,11
"2380",6,55,1
"2381",15,31,3
"2382",4,87,2
"2383",44,5,6
"2384",124,4,2
"2385",104,38,2
"2386",77,30,3
"2387",87,21,7
"2388",54,13,9
"2389",80,24,12
"2390",116,7,22
"2391",19,40,12
"2392",16,36,7
"2393",196,31,6
"2394",35,24,4
"2395",33,47,36
"2396",97,33,2
"2397",13,59,3
"2398",86,13,2
"2399",37,28,2
"2400",20,38,47
"2401",10,20,11
"2402",27,20,4
"2403",181,33,5
"2404",29,9,20
"2405",23,31,72
"2406",56,95,122
"2407",7,95,15
"2408",152,95,1
"2409",127,25,1
"2410",189,4,1
"2411",17,7,13
"2412",114,1,9
"2413",80,28,11
"2414",43,32,1
"2415",127,24,4
"2416",82,13,11
"2417",9,5,12
"2418",155,39,3
"2419",58,20,27
"2420",20,47,1
"2421",141,141,15
"2422",91,141,1
"2423",40,9,1
"2424",41,5,46
"2425",92,2,1
"2426",13,37,9
"2427",49,73,1
"2428",66,20,9
"2429",4,144,8
"2430",20,118,1
"2431",13,32,56
"2432",141,20,6
"2433",145,145,14
"2434",68,13,4
"2435",63,33,6
"2436",24,31,5
"2437",21,31,11
"2438",30,43,17
"2439",65,38,5
"2440",36,20,94
"2441",25,20,17
"2442",24,11,4
"2443",18,11,6
"2444",29,18,3
"2445",29,6,18
"2446",123,40,11
"2447",50,56,11
"2448",30,146,2
"2449",29,40,1
"2450",160,40,9
"2451",155,22,11
"2452",97,39,3
"2453",74,11,19
"2454",58,18,1
"2455",106,106,55
"2456",47,106,1
"2457",35,40,8
"2458",80,1,3
"2459",127,4,2
"2460",43,4,19
"2461",72,22,4
"2462",58,13,57
"2463",22,19,19
"2464",99,2,4
"2465",51,2,2
"2466",13,2,6
"2467",29,12,11
"2468",147,147,31
"2469",87,5,1
"2470",10,23,1
"2471",121,36,1
"2472",130,22,1
"2473",125,4,2
"2474",38,19,27
"2475",133,11,3
"2476",10,11,8
"2477",92,30,1
"2478",111,22,73
"2479",157,22,3
"2480",48,21,16
"2481",5,13,41
"2482",31,147,15
"2483",77,13,9
"2484",148,148,14
"2485",35,16,1
"2486",102,16,2
"2487",68,9,6
"2488",20,22,14
"2489",25,36,5
"2490",4,28,61
"2491",114,28,6
"2492",101,24,7
"2493",144,1,2
"2494",36,5,43
"2495",31,106,7
"2496",114,19,2
"2497",20,62,4
"2498",91,62,1
"2499",152,44,1
"2500",27,31,3
"2501",51,20,12
"2502",82,20,147
"2503",29,92,1
"2504",73,56,2
"2505",132,65,2
"2506",99,30,56
"2507",5,94,7
"2508",50,24,8
"2509",92,38,6
"2510",170,4,7
"2511",31,139,2
"2512",82,49,10
"2513",38,49,3
"2514",37,24,20
"2515",33,36,1
"2516",1,36,17
"2517",134,2,4
"2518",187,21,1
"2519",39,36,2
"2520",106,5,12
"2521",54,5,59
"2522",20,57,16
"2523",53,27,11
"2524",55,50,31
"2525",21,39,5
"2526",13,125,13
"2527",13,73,4
"2528",160,13,10
"2529",130,11,1
"2530",55,46,1
"2531",19,13,15
"2532",108,19,1
"2533",27,38,16
"2534",5,36,53
"2535",137,4,1
"2536",72,36,4
"2537",102,24,10
"2538",42,7,27
"2539",24,5,8
"2540",59,22,50
"2541",21,43,6
"2542",15,43,5
"2543",10,43,2
"2544",101,5,5
"2545",30,93,2
"2546",136,70,4
"2547",100,4,5
"2548",147,4,3
"2549",21,2,2
"2550",17,38,2
"2551",147,30,5
"2552",19,43,2
"2553",29,43,2
"2554",141,30,7
"2555",57,17,2
"2556",19,15,3
"2557",147,21,5
"2558",38,52,4
"2559",18,52,1
"2560",91,147,1
"2561",24,147,1
"2562",36,16,4
"2563",131,56,13
"2564",49,19,11
"2565",16,19,56
"2566",17,20,14
"2567",118,20,87
"2568",5,24,14
"2569",7,54,1
"2570",25,54,3
"2571",107,20,1
"2572",102,20,3
"2573",17,5,30
"2574",93,43,1
"2575",84,34,2
"2576",78,34,3
"2577",18,24,6
"2578",38,139,7
"2579",35,139,1
"2580",79,22,1
"2581",21,20,34
"2582",27,33,5
"2583",16,22,8
"2584",144,33,3
"2585",157,21,12
"2586",16,5,4
"2587",56,65,1
"2588",79,65,1
"2589",46,12,7
"2590",91,127,1
"2591",58,127,1
"2592",30,127,1
"2593",31,127,4
"2594",181,4,2
"2595",135,33,1
"2596",19,28,19
"2597",24,65,3
"2598",31,145,7
"2599",185,1,1
"2600",18,7,11
"2601",61,20,1
"2602",6,20,3
"2603",92,13,22
"2604",32,70,1
"2605",91,139,3
"2606",13,95,2
"2607",22,38,7
"2608",22,73,1
"2609",56,73,4
"2610",190,30,3
"2611",40,43,1
"2612",68,15,2
"2613",48,19,8
"2614",13,57,14
"2615",3,57,8
"2616",58,5,6
"2617",10,108,1
"2618",161,24,1
"2619",150,6,4
"2620",66,30,5
"2621",176,1,1
"2622",147,91,5
"2623",64,28,9
"2624",39,28,14
"2625",92,28,16
"2626",15,28,2
"2627",9,28,3
"2628",68,28,10
"2629",113,28,1
"2630",38,53,13
"2631",152,30,15
"2632",109,13,1
"2633",115,13,6
"2634",32,95,233
"2635",63,17,1
"2636",13,16,25
"2637",77,38,2
"2638",104,22,15
"2639",51,22,5
"2640",185,95,1
"2641",172,5,5
"2642",95,40,13
"2643",20,125,3
"2644",30,125,14
"2645",98,95,17
"2646",149,149,11
"2647",4,149,1
"2648",71,27,61
"2649",48,24,13
"2650",20,54,6
"2651",24,54,3
"2652",157,20,5
"2653",50,20,6
"2654",160,20,1
"2655",138,22,3
"2656",42,31,5
"2657",194,30,5
"2658",65,31,7
"2659",27,3,1
"2660",37,16,11
"2661",97,28,1
"2662",33,24,50
"2663",97,9,2
"2664",19,50,6
"2665",22,29,21
"2666",156,30,5
"2667",93,7,3
"2668",12,13,5
"2669",13,50,10
"2670",76,13,2
"2671",24,36,41
"2672",30,150,6
"2673",57,150,2
"2674",24,56,18
"2675",37,20,1
"2676",158,30,2
"2677",67,29,4
"2678",29,37,3
"2679",7,43,2
"2680",7,67,4
"2681",91,67,2
"2682",37,15,29
"2683",3,21,2
"2684",160,33,2
"2685",41,18,1
"2686",81,13,10
"2687",23,27,9
"2688",3,20,8
"2689",36,11,1
"2690",123,56,13
"2691",71,62,1
"2692",101,56,2
"2693",146,7,3
"2694",36,21,7
"2695",114,20,2
"2696",54,20,23
"2697",44,20,12
"2698",58,50,1
"2699",9,31,11
"2700",117,4,1
"2701",139,4,7
"2702",20,65,5
"2703",13,3,6
"2704",32,98,2
"2705",117,20,6
"2706",186,20,24
"2707",19,36,2
"2708",44,13,16
"2709",30,40,7
"2710",4,27,7
"2711",55,27,7
"2712",24,32,2
"2713",3,24,6
"2714",152,25,2
"2715",88,5,33
"2716",10,37,4
"2717",61,37,3
"2718",65,11,2
"2719",54,28,2
"2720",179,39,2
"2721",50,21,7
"2722",22,36,1
"2723",47,114,3
"2724",25,38,7
"2725",33,40,2
"2726",22,25,1
"2727",26,20,1
"2728",151,5,5
"2729",24,58,3
"2730",53,3,1
"2731",47,3,1
"2732",65,7,3
"2733",37,13,27
"2734",28,52,1
"2735",38,51,2
"2736",33,19,14
"2737",146,38,16
"2738",39,31,5
"2739",80,36,2
"2740",48,33,10
"2741",4,49,3
"2742",118,13,9
"2743",17,31,15
"2744",94,19,1
"2745",4,82,3
"2746",64,82,3
"2747",131,95,27
"2748",4,95,1
"2749",102,50,3
"2750",44,3,4
"2751",146,13,2
"2752",11,65,5
"2753",114,12,1
"2754",81,9,3
"2755",62,27,4
"2756",7,46,73
"2757",72,28,35
"2758",69,27,7
"2759",6,30,11
"2760",66,13,8
"2761",35,21,2
"2762",6,9,1
"2763",28,80,5
"2764",94,4,6
"2765",166,20,4
"2766",76,4,1
"2767",106,4,1
"2768",102,31,2
"2769",111,39,1
"2770",106,11,1
"2771",48,2,5
"2772",27,125,1
"2773",12,31,5
"2774",119,13,7
"2775",29,34,3
"2776",55,29,11
"2777",21,9,2
"2778",59,7,4
"2779",69,20,1
"2780",104,33,1
"2781",101,27,2
"2782",92,34,5
"2783",119,40,4
"2784",158,33,2
"2785",20,50,2
"2786",65,50,2
"2787",17,22,3
"2788",24,64,30
"2789",179,30,10
"2790",102,29,3
"2791",170,56,2
"2792",30,147,8
"2793",79,13,1
"2794",21,35,1
"2795",28,35,1
"2796",59,13,2
"2797",98,28,6
"2798",95,54,1
"2799",171,30,3
"2800",146,5,23
"2801",6,51,4
"2802",65,59,2
"2803",44,59,1
"2804",4,56,12
"2805",31,123,3
"2806",132,1,5
"2807",31,144,1
"2808",49,22,2
"2809",171,12,1
"2810",49,21,28
"2811",154,28,4
"2812",115,28,3
"2813",10,36,6
"2814",36,13,32
"2815",73,31,9
"2816",146,1,15
"2817",90,7,1
"2818",32,57,3
"2819",38,6,7
"2820",38,40,7
"2821",61,4,23
"2822",3,13,12
"2823",42,65,1
"2824",25,10,4
"2825",170,1,4
"2826",111,20,6
"2827",178,20,1
"2828",149,95,7
"2829",101,42,2
"2830",12,42,12
"2831",152,28,3
"2832",171,20,3
"2833",5,3,27
"2834",102,38,7
"2835",129,95,17
"2836",157,4,7
"2837",128,31,2
"2838",117,110,1
"2839",13,23,2
"2840",15,35,1
"2841",61,39,6
"2842",7,28,15
"2843",56,5,18
"2844",59,20,8
"2845",60,20,3
"2846",42,125,1
"2847",10,5,3
"2848",38,146,1
"2849",13,146,3
"2850",1,146,1
"2851",119,30,14
"2852",12,125,2
"2853",7,125,1
"2854",32,19,2
"2855",46,19,1
"2856",113,9,2
"2857",119,108,1
"2858",54,9,3
"2859",4,57,3
"2860",19,3,1
"2861",52,13,2
"2862",116,3,2
"2863",18,20,8
"2864",130,20,8
"2865",73,19,6
"2866",11,13,4
"2867",139,30,1
"2868",33,10,1
"2869",150,10,3
"2870",29,31,173187
"2871",64,9,1
"2872",44,19,2
"2873",92,39,1
"2874",48,39,5
"2875",86,57,1
"2876",7,57,5
"2877",65,5,24
"2878",130,5,2
"2879",179,33,2
"2880",114,33,5
"2881",10,31,32
"2882",19,31,1
"2883",62,38,7
"2884",159,21,4
"2885",182,30,5
"2886",34,46,2
"2887",4,32,4
"2888",40,11,1
"2889",153,1,5
"2890",146,95,15
"2891",60,95,2
"2892",83,56,1
"2893",91,54,5
"2894",68,21,5
"2895",147,22,1
"2896",44,29,8
"2897",120,20,5
"2898",87,24,7
"2899",21,57,3
"2900",62,7,15
"2901",20,31,4
"2902",167,1,4
"2903",137,46,3
"2904",53,50,8
"2905",20,3,3
"2906",105,20,4
"2907",83,30,1
"2908",148,56,3
"2909",6,13,1
"2910",39,19,5
"2911",5,21,13
"2912",119,28,1
"2913",172,24,1
"2914",6,19,1
"2915",63,29,3
"2916",43,56,8
"2917",63,11,1
"2918",114,5,1
"2919",22,65,8
"2920",49,5,11
"2921",139,5,1
"2922",49,3,10
"2923",160,5,6
"2924",9,40,2
"2925",76,38,5
"2926",7,66,9
"2927",64,56,9
"2928",77,4,2
"2929",24,28,2
"2930",154,30,8
"2931",30,76,1
"2932",39,24,37
"2933",39,50,10
"2934",71,125,1
"2935",119,39,4
"2936",28,20,2
"2937",17,9,4
"2938",25,9,2
"2939",36,27,11
"2940",178,30,9
"2941",131,33,3
"2942",46,34,9
"2943",35,31,3
"2944",79,20,3
"2945",48,11,1
"2946",128,110,1
"2947",33,54,1
"2948",49,40,2
"2949",63,42,1
"2950",54,98,1
"2951",75,49,1
"2952",2,13,9
"2953",4,37,1
"2954",107,5,1
"2955",56,31,15
"2956",39,7,2
"2957",24,3,3
"2958",81,64,1
"2959",15,123,2
"2960",86,56,5
"2961",77,3,10
"2962",37,19,1
"2963",76,30,4
"2964",57,44,2
"2965",18,5,4
"2966",53,40,2
"2967",141,1,4
"2968",31,146,4
"2969",27,1,6
"2970",115,30,2
"2971",5,59,1
"2972",130,59,1
"2973",47,6,5
"2974",170,33,1
"2975",40,22,4
"2976",66,28,16
"2977",138,5,1
"2978",18,44,1
"2979",12,10,1
"2980",136,22,5
"2981",93,95,4
"2982",26,19,2
"2983",85,19,11
"2984",107,30,3
"2985",54,25,25
"2986",114,30,3
"2987",34,91,32
"2988",3,25,20
"2989",143,48,2
"2990",20,32,3
"2991",98,96,3
"2992",3,50,5
"2993",77,20,3
"2994",147,7,17
"2995",65,28,2
"2996",129,43,1
"2997",72,5,11
"2998",63,125,2
"2999",90,4,3
"3000",15,61,4
"3001",156,4,2
"3002",64,36,9
"3003",16,33,4
"3004",30,88,2
"3005",126,88,1
"3006",28,22,1
"3007",11,111,1
"3008",147,13,1
"3009",32,5,4
"3010",190,38,3
"3011",189,95,3
"3012",127,31,5
"3013",134,5,21
"3014",57,24,11
"3015",185,56,14
"3016",9,22,10
"3017",64,3,26
"3018",43,36,1
"3019",110,20,2
"3020",6,24,3
"3021",26,7,1
"3022",151,11,1
"3023",33,56,12
"3024",89,56,5
"3025",104,24,20
"3026",202,3,3
"3027",23,19,1
"3028",26,30,3
"3029",151,151,4
"3030",11,151,2
"3031",19,21,8
"3032",13,40,2
"3033",180,30,1
"3034",51,13,8
"3035",68,38,2
"3036",16,38,2
"3037",101,34,2
"3038",107,13,1
"3039",184,13,2
"3040",39,29,3
"3041",18,40,3
"3042",198,4,1
"3043",64,42,5
"3044",18,95,1
"3045",40,32,2
"3046",64,94,2
"3047",32,30,6
"3048",1,19,3
"3049",10,27,35
"3050",10,25,6
"3051",20,27,2
"3052",67,38,3
"3053",19,49,39
"3054",50,49,6
"3055",53,34,2
"3056",65,21,10
"3057",21,29,8
"3058",112,30,1
"3059",4,48,6
"3060",102,95,1
"3061",12,30,2
"3062",111,7,1
"3063",177,20,1
"3064",114,25,2
"3065",175,3,13
"3066",101,31,1
"3067",89,15,6
"3068",1,95,1
"3069",171,29,2
"3070",6,31,18
"3071",62,21,1
"3072",132,38,2
"3073",104,21,5
"3074",51,28,1
"3075",21,150,6
"3076",101,22,3
"3077",85,5,1
"3078",57,42,2
"3079",172,13,12
"3080",119,18,1
"3081",136,6,1
"3082",38,47,2
"3083",138,36,1
"3084",148,98,6
"3085",11,31,3
"3086",1,31,5
"3087",108,29,4
"3088",4,72,2
"3089",30,152,1
"3090",89,30,6
"3091",79,36,1
"3092",17,24,9
"3093",184,19,3
"3094",93,1,6
"3095",20,98,2
"3096",175,1,37
"3097",11,99,3
"3098",160,29,1
"3099",152,29,3
"3100",44,15,9
"3101",156,22,1
"3102",64,19,9
"3103",65,9,7
"3104",5,64,1
"3105",99,20,3
"3106",101,95,3
"3107",63,36,3
"3108",146,9,2
"3109",1,9,1
"3110",93,56,4
"3111",147,3,1
"3112",19,5,16
"3113",7,3,2
"3114",180,39,4
"3115",111,29,8
"3116",118,36,6
"3117",178,22,1
"3118",180,36,1
"3119",154,4,4
"3120",105,30,5
"3121",37,7,2
"3122",131,20,2
"3123",51,23,2
"3124",37,44,2
"3125",185,36,4
"3126",108,20,1
"3127",46,13,1
"3128",102,5,2
"3129",141,28,5
"3130",57,2,4
"3131",127,13,5
"3132",150,39,2
"3133",2,29,8
"3134",29,77,1
"3135",36,49,3
"3136",91,125,13
"3137",155,29,2
"3138",149,1,2
"3139",152,50,4
"3140",52,29,4
"3141",63,19,3
"3142",90,24,3
"3143",19,56,2
"3144",117,56,1
"3145",39,95,1
"3146",1,57,12
"3147",129,13,2
"3148",11,33,3
"3149",19,22,10
"3150",37,9,1
"3151",13,45,1
"3152",150,3,2
"3153",88,56,2
"3154",44,36,6
"3155",84,7,6
"3156",47,7,9
"3157",76,31,1
"3158",6,35,4
"3159",3,104,1
"3160",91,104,1
"3161",117,104,3
"3162",21,16,4
"3163",30,27,16
"3164",107,29,1
"3165",146,40,2
"3166",15,44,3
"3167",11,2,1
"3168",106,30,2
"3169",7,98,6
"3170",54,65,1
"3171",16,65,1
"3172",81,56,1
"3173",61,27,6
"3174",12,36,3
"3175",92,24,1
"3176",158,24,2
"3177",74,20,1
"3178",139,43,1
"3179",129,40,4
"3180",89,7,2
"3181",56,98,15
"3182",106,3,2
"3183",150,114,1
"3184",45,9,7
"3185",100,98,1
"3186",102,11,1
"3187",44,17,1
"3188",88,98,1
"3189",99,7,2
"3190",15,66,4
"3191",74,98,1
"3192",161,13,3
"3193",107,56,11
"3194",40,30,2
"3195",109,1,2
"3196",32,40,7
"3197",156,21,5
"3198",128,7,1
"3199",55,54,2
"3200",97,56,5
"3201",156,33,1
"3202",61,50,11
"3203",55,36,2
"3204",64,95,2
"3205",36,9,3
"3206",91,72,1
"3207",64,31,4
"3208",104,5,3
"3209",180,4,4
"3210",28,25,2
"3211",86,11,1
"3212",150,33,1
"3213",1,55,1
"3214",30,55,14
"3215",15,23,5
"3216",107,95,2
"3217",174,5,3
"3218",91,23,7
"3219",68,56,2
"3220",111,33,2
"3221",147,1,3
"3222",166,21,2
"3223",132,24,1
"3224",80,21,12
"3225",72,24,1
"3226",146,10,2
"3227",65,10,4
"3228",78,38,8
"3229",15,34,1
"3230",156,13,1
"3231",80,13,59
"3232",37,50,3
"3233",92,56,1
"3234",61,31,2
"3235",19,25,2
"3236",49,56,6
"3237",68,24,29
"3238",11,81,4
"3239",91,81,2
"3240",197,56,1
"3241",1,104,2
"3242",107,22,15
"3243",125,29,3
"3244",143,4,3
"3245",161,4,4
"3246",16,50,3
"3247",31,153,1
"3248",91,153,1
"3249",20,153,2
"3250",153,153,23
"3251",99,153,1
"3252",3,56,2
"3253",47,39,6
"3254",68,50,1
"3255",47,30,12
"3256",104,29,1
"3257",11,16,2
"3258",11,7,2
"3259",10,15,2
"3260",22,43,2
"3261",81,38,6
"3262",1,47,3
"3263",21,25,4
"3264",10,9,8
"3265",46,27,2
"3266",171,31,1
"3267",62,31,6
"3268",64,38,9
"3269",89,3,1
"3270",101,28,2
"3271",3,22,1
"3272",120,11,2
"3273",12,46,2
"3274",18,57,1
"3275",48,29,12
"3276",28,13,1
"3277",24,74,3
"3278",16,74,2
"3279",11,29,2
"3280",1,66,1
"3281",25,5,4
"3282",75,9,1
"3283",36,129,2
"3284",200,20,1
"3285",35,13,6
"3286",13,86,1
"3287",4,86,1
"3288",132,13,1
"3289",83,1,2
"3290",52,7,1
"3291",36,7,2
"3292",150,150,29
"3293",189,56,1
"3294",79,32,1
"3295",74,31,2
"3296",5,9,2
"3297",129,50,2
"3298",107,1,1
"3299",73,24,3
"3300",155,21,1
"3301",95,30,12
"3302",16,21,5
"3303",135,31,1
"3304",129,19,1
"3305",125,27,1
"3306",183,1,1
"3307",27,66,12
"3308",57,27,6
"3309",90,5,4
"3310",98,33,5
"3311",144,11,1
"3312",19,9,1
"3313",32,46,1
"3314",71,5,4
"3315",139,13,1
"3316",27,56,6
"3317",136,24,1
"3318",48,31,21
"3319",81,11,1
"3320",160,56,8
"3321",55,5,19
"3322",175,22,1
"3323",72,67,7
"3324",1,42,4
"3325",25,22,2
"3326",175,5,2
"3327",108,27,5
"3328",123,22,4
"3329",101,7,3
"3330",61,56,2
"3331",187,95,2
"3332",111,36,2
"3333",160,15,1
"3334",10,49,8
"3335",64,37,5
"3336",42,56,1
"3337",32,39,7
"3338",186,24,1
"3339",91,14,3
"3340",4,44,15
"3341",89,44,1
"3342",58,25,8
"3343",24,34,1
"3344",67,34,4
"3345",83,21,2
"3346",15,40,1
"3347",12,50,1
"3348",6,14,1
"3349",129,33,2
"3350",95,38,3
"3351",47,38,4
"3352",7,62,12
"3353",15,62,1
"3354",65,6,1
"3355",11,26,1
"3356",98,50,11
"3357",68,151,1
"3358",55,151,1
"3359",190,53,1
"3360",21,6,1
"3361",40,56,1
"3362",66,31,6
"3363",6,134,1
"3364",31,134,17
"3365",24,43,3
"3366",129,56,4
"3367",71,38,10
"3368",76,7,1
"3369",181,1,1
"3370",75,56,2
"3371",165,1,2
"3372",142,50,2
"3373",141,39,1
"3374",67,6,2
"3375",22,97,1
"3376",40,50,1
"3377",24,48,4
"3378",139,139,4
"3379",3,19,1
"3380",152,1,1
"3381",33,50,3
"3382",58,22,5
"3383",89,5,4
"3384",206,13,1
"3385",49,27,1
"3386",113,5,1
"3387",19,27,3
"3388",116,56,4
"3389",46,1,4
"3390",45,79,1
"3391",92,29,10
"3392",160,8,1
"3393",155,11,1
"3394",1,27,3
"3395",30,66,2
"3396",59,50,3
"3397",18,12,1
"3398",105,1,3
"3399",52,28,2
"3400",123,24,1
"3401",43,13,5
"3402",57,125,5
"3403",50,125,1
"3404",5,125,5
"3405",33,125,3
"3406",38,125,1
"3407",4,125,2
"3408",21,125,1
"3409",101,125,1
"3410",51,54,1
"3411",160,25,4
"3412",160,50,1
"3413",111,9,6
"3414",13,60,17
"3415",156,60,1
"3416",154,154,16
"3417",29,154,4
"3418",30,154,2
"3419",144,154,2
"3420",111,72,2
"3421",24,72,1
"3422",90,36,1
"3423",122,31,2
"3424",46,5,2
"3425",179,22,2
"3426",12,27,5
"3427",179,150,3
"3428",110,7,9
"3429",125,7,2
"3430",71,24,1
"3431",5,57,98
"3432",160,98,1
"3433",82,19,1
"3434",69,19,1
"3435",38,37,3
"3436",7,37,3
"3437",137,7,2
"3438",110,38,2
"3439",130,28,1
"3440",179,20,7
"3441",66,12,2
"3442",92,42,3
"3443",121,33,1
"3444",26,29,1
"3445",129,65,3
"3446",95,65,1
"3447",93,30,1
"3448",111,19,3
"3449",11,97,1
"3450",64,97,4
"3451",18,15,1
"3452",80,25,3
"3453",61,28,2
"3454",24,49,1
"3455",138,13,1
"3456",45,48,1
"3457",95,31,4
"3458",87,20,4
"3459",6,32,64
"3460",35,50,5
"3461",60,39,1
"3462",50,27,1
"3463",64,12,4
"3464",166,1,2
"3465",53,1,1
"3466",98,5,3
"3467",46,38,12
"3468",40,31,2
"3469",153,30,2
"3470",7,71,15
"3471",146,29,1
"3472",25,29,3
"3473",172,30,1
"3474",154,24,3
"3475",193,24,1
"3476",151,54,1
"3477",64,7,5
"3478",146,31,1
"3479",113,21,4
"3480",82,5,1
"3481",123,13,1
"3482",37,11,2
"3483",97,31,12
"3484",45,30,2
"3485",79,50,3
"3486",19,39,1
"3487",25,96,2
"3488",15,96,1
"3489",154,19,2
"3490",143,20,1
"3491",180,5,2
"3492",91,60,2
"3493",57,36,2
"3494",23,96,4
"3495",84,21,4
"3496",110,15,1
"3497",90,9,1
"3498",92,31,2
"3499",113,29,3
"3500",19,145,2
"3501",71,30,2
"3502",38,9,3
"3503",21,81,4
"3504",38,10,1
"3505",156,28,3
"3506",105,24,4
"3507",68,19,2
"3508",145,19,1
"3509",37,95,1
"3510",71,12,2
"3511",149,34,1
"3512",72,34,24
"3513",60,25,1
"3514",126,30,3
"3515",66,6,2
"3516",37,65,2
"3517",28,19,2
"3518",66,47,1
"3519",157,1,4
"3520",27,71,1
"3521",10,114,3
"3522",49,114,1
"3523",144,20,1
"3524",45,24,6
"3525",3,18,1
"3526",73,50,2
"3527",22,5,2
"3528",42,12,3
"3529",200,4,1
"3530",131,24,1
"3531",37,25,1
"3532",25,24,1
"3533",54,27,1
"3534",90,50,1
"3535",7,51,1
"3536",75,21,4
"3537",47,27,2
"3538",6,21,3
"3539",33,97,5
"3540",38,61,1
"3541",158,39,95
"3542",79,98,6
"3543",6,72,1
"3544",89,50,3
"3545",48,49,1
"3546",99,22,1
"3547",127,36,1
"3548",61,24,8
"3549",101,12,2
"3550",128,30,1
"3551",127,1,3
"3552",23,5,7
"3553",40,1,1
"3554",110,29,2
"3555",131,1,1
"3556",24,114,2
"3557",118,1,1
"3558",42,67,5
"3559",195,31,2
"3560",116,98,1
"3561",72,56,2
"3562",86,39,1
"3563",34,139,7
"3564",66,46,1
"3565",72,33,1
"3566",125,30,1
"3567",4,97,1
"3568",116,29,6
"3569",179,13,2
"3570",203,4,2
"3571",43,50,1
"3572",154,33,1
"3573",123,50,2
"3574",139,50,2
"3575",74,38,4
"3576",132,31,2
"3577",67,7,8
"3578",46,28,2
"3579",138,19,1
"3580",123,30,1
"3581",56,51,2
"3582",2,11,1
"3583",22,39,5
"3584",110,12,3
"3585",46,67,1
"3586",153,29,1
"3587",109,28,4
"3588",97,13,2
"3589",35,15,2
"3590",189,30,1
"3591",111,11,2
"3592",150,29,1
"3593",59,9,2
"3594",18,19,6
"3595",133,13,2
"3596",10,47,1
"3597",66,23,2
"3598",98,9,2
"3599",5,19,4
"3600",14,30,4
"3601",36,31,1
"3602",51,50,10
"3603",67,27,3
"3604",120,5,20
"3605",134,15,14
"3606",105,47,2
"3607",46,39,1
"3608",34,61,3
"3609",23,67,2
"3610",91,114,2
"3611",15,114,1
"3612",64,66,2
"3613",29,116,2
"3614",99,29,13
"3615",153,3,2
"3616",53,42,1
"3617",89,39,1
"3618",81,23,3
"3619",145,31,1
"3620",179,24,1
"3621",143,12,2
"3622",79,21,4
"3623",105,21,9
"3624",150,30,3
"3625",51,62,1
"3626",51,42,3
"3627",54,12,1
"3628",91,110,1
"3629",113,34,1
"3630",14,20,1
"3631",111,98,1
"3632",68,11,1
"3633",139,42,2
"3634",74,12,1
"3635",43,12,1
"3636",50,51,1
"3637",39,51,1
"3638",31,132,1
"3639",7,132,1
"3640",147,12,1
"3641",38,116,1
"3642",51,66,2
"3643",29,53,5
"3644",184,29,2
"3645",6,46,1
"3646",29,66,3
"3647",21,7,3
"3648",46,18,1
"3649",24,18,2
"3650",133,3,1
"3651",59,38,7
"3652",85,46,1
"3653",6,10,2
"3654",34,29,5
"3655",62,42,4
"3656",139,46,2
"3657",110,46,2
"3658",46,23,2
"3659",53,14,3
"3660",42,57,1
"3661",31,130,1
"3662",39,73,5
"3663",153,13,2
"3664",5,22,1
"3665",23,108,2
"3666",4,108,2
"3667",7,35,1
"3668",62,35,2
"3669",7,64,1
"3670",93,29,2
"3671",22,27,2
"3672",71,31,4
"3673",132,29,1
"3674",62,12,2
"3675",14,29,1
"3676",178,21,4
"3677",67,46,2
"3678",156,27,1
"3679",79,7,1
"3680",7,70,3
"3681",10,70,1
"3682",6,42,2
"3683",27,19,1
"3684",61,12,7
"3685",67,12,2
"3686",19,38,2
"3687",95,1,2
"3688",36,136,1
"3689",30,136,2
"3690",14,57,1
"3691",185,39,1
"3692",10,12,1
"3693",119,32,2
"3694",87,1,4
"3695",38,63,4
"3696",29,71,4
"3697",31,100,32
"3698",68,35,2
"3699",69,66,5
"3700",177,23,1
"3701",23,10,1
"3702",57,58,1
"3703",29,16,3
"3704",53,19,2
"3705",56,102,2
"3706",138,16,3
"3707",18,35,1
"3708",38,35,1
"3709",98,35,1
"3710",71,64,4
"3711",65,18,1
"3712",207,56,1
"3713",95,22,2
"3714",85,24,10
"3715",20,6,10
"3716",46,10,2
"3717",44,16,1
"3718",20,14,1
"3719",136,44,5
"3720",140,1,3
"3721",162,20,1
"3722",125,20,1
"3723",201,40,1
"3724",20,80,1
"3725",4,80,1
"3726",24,94,2
"3727",30,94,1
"3728",135,94,1
"3729",17,29,1
"3730",7,2,1
"3731",116,34,9
"3732",13,27,8
"3733",62,66,1
"3734",160,65,1
"3735",52,56,2
"3736",74,27,1
"3737",41,39,1
"3738",15,2,1
"3739",50,39,3
"3740",128,56,1
"3741",172,20,1
"3742",101,32,1
"3743",69,91,1
"3744",129,5,1
"3745",29,48,16
"3746",47,20,2
"3747",41,30,3
"3748",31,143,1
"3749",119,36,5
"3750",30,134,4
"3751",26,134,3
"3752",41,8,5
"3753",123,7,2
"3754",91,70,1
"3755",73,5,3
"3756",29,32,1
"3757",58,29,1
"3758",31,75,4
"3759",91,75,3
"3760",57,71,2
"3761",72,2,9
"3762",85,36,2
"3763",25,19,2
"3764",108,12,1
"3765",38,92,1
"3766",19,63,4
"3767",35,20,1
"3768",6,47,1
"3769",70,47,2
"3770",30,97,4
"3771",98,38,1
"3772",57,15,4
"3773",23,37,2
"3774",28,38,1
"3775",54,44,7
"3776",149,32,1
"3777",141,13,1
"3778",41,20,1
"3779",117,29,1
"3780",6,70,1
"3781",20,17,1
"3782",7,17,1
"3783",1,17,1
"3784",44,54,1
"3785",28,24,4
"3786",31,121,3
"3787",35,42,1
"3788",39,99,2
"3789",29,99,2
"3790",20,99,1
"3791",20,15,1
"3792",35,2,2
"3793",13,70,2
"3794",190,29,2
"3795",47,29,2
"3796",189,15,1
"3797",193,14,1
"3798",75,31,3
"3799",142,31,1
"3800",49,29,2
"3801",19,11,1
"3802",46,32,1
"3803",47,22,1
"3804",118,21,4
"3805",125,32,2
"3806",129,129,8
"3807",98,129,1
"3808",90,129,1
"3809",102,129,2
"3810",156,42,1
"3811",51,12,1
"3812",65,16,1
"3813",13,58,2
"3814",37,32,3
"3815",41,6,1
"3816",68,29,1
"3817",24,125,5
"3818",48,94,1
"3819",38,59,1
"3820",66,18,3
"3821",150,24,3
"3822",64,18,2
"3823",177,12,2
"3824",1,155,1
"3825",74,155,1
"3826",138,4,1
"3827",27,42,1
"3828",50,18,2
"3829",2,27,1
"3830",129,15,1
"3831",47,12,2
"3832",50,7,4
"3833",40,98,1
"3834",51,32,1
"3835",35,38,1
"3836",71,53,2
"3837",20,73,2
"3838",10,110,2
"3839",22,89,1
"3840",31,156,2
"3841",115,19,1
"3842",32,102,1
"3843",107,15,1
"3844",34,72,9
"3845",20,18,2
"3846",42,4,1
"3847",24,12,1
"3848",106,20,1
"3849",157,44,2
"3850",72,88,3
"3851",63,88,1
"3852",65,33,1
"3853",30,68,2
"3854",4,64,2
"3855",127,50,2
"3856",21,50,2
"3857",123,33,1
"3858",59,49,5
"3859",79,24,1
"3860",81,29,1
"3861",74,34,2
"3862",155,30,4
"3863",33,57,9
"3864",26,13,1
"3865",33,25,3
"3866",57,87,1
"3867",54,31,1
"3868",128,13,2
"3869",23,139,3
"3870",9,36,2
"3871",157,157,5
"3872",114,56,1
"3873",95,15,1
"3874",116,43,1
"3875",23,13,2
"3876",60,1,3
"3877",181,5,1
"3878",4,63,1
"3879",56,42,1
"3880",33,38,1
"3881",115,33,1
"3882",148,1,2
"3883",107,24,2
"3884",38,96,1
"3885",7,96,3
"3886",100,20,1
"3887",187,56,2
"3888",45,21,2
"3889",35,10,2
"3890",91,111,5
"3891",16,63,2
"3892",55,125,1
"3893",91,96,1
"3894",158,1,1
"3895",13,132,2
"3896",101,50,1
"3897",38,44,1
"3898",139,29,1
"3899",15,37,1
"3900",28,37,1
"3901",94,30,1
"3902",82,30,1
"3903",146,37,1
"3904",91,37,2
"3905",30,45,1
"3906",56,18,1
"3907",170,13,11
"3908",49,31,2
"3909",131,40,1
"3910",154,22,1
"3911",193,22,1
"3912",80,19,1
"3913",94,56,1
"3914",104,50,1
"3915",141,66,1
"3916",194,21,1
"3917",9,37,1
"3918",170,22,1
"3919",185,50,2
"3920",66,50,2
"3921",138,21,4
"3922",171,27,2
"3923",162,3,2
"3924",101,49,4
"3925",125,31,1
"3926",20,25,2
"3927",143,19,1
"3928",111,16,1
"3929",62,51,1
"3930",42,51,1
"3931",145,9,2
"3932",33,9,2
"3933",119,29,1
"3934",6,66,2
"3935",115,21,1
"3936",43,95,2
"3937",46,31,2
"3938",179,38,1
"3939",87,38,2
"3940",144,4,4
"3941",4,12,1
"3942",31,158,1
"3943",158,158,4
"3944",179,1,1
"3945",11,19,1
"3946",132,4,2
"3947",55,18,2
"3948",10,18,2
"3949",74,9,1
"3950",119,56,1
"3951",38,98,1
"3952",61,98,1
"3953",180,33,2
"3954",31,154,1
"3955",16,154,2
"3956",39,18,1
"3957",139,32,1
"3958",1,25,1
"3959",155,8,2
"3960",142,56,2
"3961",130,24,2
"3962",169,91,51
"3963",128,91,6
"3964",195,91,3
"3965",165,91,6
"3966",173,91,3
"3967",88,8,12
"3968",74,8,58
"3969",154,91,9
"3970",57,8,100
"3971",101,91,14
"3972",18,8,8
"3973",51,48,16
"3974",163,91,6
"3975",63,8,3
"3976",208,48,32
"3977",198,91,1
"3978",104,91,11
"3979",209,91,1
"3980",48,8,54
"3981",1,15,17
"3982",99,15,6
"3983",68,8,3
"3984",153,8,57
"3985",32,48,1
"3986",153,48,8
"3987",143,91,3
"3988",35,8,15
"3989",150,91,2
"3990",79,8,7
"3991",24,8,1
"3992",106,8,34
"3993",48,159,508
"3994",22,99,8
"3995",134,99,13
"3996",35,99,37
"3997",51,99,3
"3998",38,99,69
"3999",3,99,51
"4000",30,99,18
"4001",77,160,2
"4002",36,99,8
"4003",54,48,7
"4004",86,8,10
"4005",111,8,17
"4006",6,8,4
"4007",171,91,5
"4008",194,91,2
"4009",66,99,1
"4010",44,99,25
"4011",17,99,20
"4012",2,99,44
"4013",54,8,11
"4014",46,99,1
"4015",91,160,3
"4016",5,160,5
"4017",159,160,15
"4018",99,36,5
"4019",33,5,1
"4020",61,5,10
"4021",5,76,5
"4022",5,148,3
"4023",111,48,3
"4024",130,8,4
"4025",6,5,8
"4026",159,63,8
"4027",5,63,16
"4028",2,153,8
"4029",4,99,16
"4030",2,159,1786
"4031",111,99,19
"4032",33,99,1
"4033",154,1,1
"4034",153,99,7
"4035",74,99,71
"4036",13,99,10
"4037",94,99,9
"4038",6,159,22
"4039",70,159,5
"4040",35,159,39
"4041",74,159,71
"4042",106,159,26
"4043",61,159,17
"4044",36,159,14
"4045",1,119,33
"4046",159,119,30
"4047",91,119,5
"4048",8,119,6
"4049",17,159,21
"4050",3,15,10
"4051",46,159,8
"4052",120,119,3
"4053",38,119,2
"4054",79,159,9
"4055",120,38,13
"4056",159,38,20
"4057",66,8,3
"4058",55,159,18
"4059",58,8,2
"4060",141,8,2
"4061",43,159,6
"4062",130,38,1
"4063",26,8,4
"4064",11,36,19
"4065",45,8,9
"4066",11,22,2
"4067",55,120,11
"4068",10,48,1
"4069",130,36,3
"4070",88,15,2
"4071",16,120,18
"4072",163,120,23
"4073",54,99,2
"4074",7,99,2
"4075",94,159,26
"4076",44,159,15
"4077",54,159,32
"4078",94,8,7
"4079",119,159,7
"4080",111,159,49
"4081",120,4,6
"4082",16,159,20
"4083",163,159,31
"4084",1,77,7
"4085",134,4,1
"4086",79,38,1
"4087",72,159,2
"4088",112,91,2
"4089",128,159,6
"4090",48,99,21
"4091",50,99,16
"4092",57,99,9
"4093",91,148,3
"4094",159,148,2
"4095",2,36,2
"4096",16,48,3
"4097",77,63,2
"4098",1,63,1
"4099",2,63,1
"4100",86,48,1
"4101",61,8,7
"4102",51,120,9
"4103",48,120,16
"4104",119,5,1
"4105",43,99,5
"4106",166,159,1
"4107",58,159,4
"4108",5,44,1
"4109",20,8,36
"4110",159,4,6
"4111",185,120,1
"4112",164,8,6
"4113",79,120,1
"4114",63,48,8
"4115",7,120,4
"4116",21,120,7
"4117",35,120,17
"4118",92,120,8
"4119",66,120,6
"4120",90,159,8
"4121",33,159,3
"4122",106,99,1
"4123",1,76,8
"4124",47,159,17
"4125",167,159,13
"4126",172,91,2
"4127",58,99,15
"4128",1,160,1
"4129",2,160,5
"4130",153,159,12
"4131",48,15,1
"4132",19,159,4
"4133",168,159,1
"4134",8,99,3
"4135",141,159,1
"4136",154,159,3
"4137",101,99,2
"4138",146,159,13
"4139",26,159,1
"4140",124,91,3
"4141",51,15,3
"4142",71,99,1
"4143",23,99,2
"4144",97,159,1
"4145",151,159,2
"4146",63,120,1
"4147",45,159,6
"4148",100,159,3
"4149",64,54,3
"4150",120,54,2
"4151",129,159,1
"4152",11,15,6
"4153",94,15,2
"4154",71,159,7
"4155",12,159,1
"4156",66,159,9
"4157",37,160,4
"4158",140,159,1
"4159",5,16,1
"4160",56,16,4
"4161",120,64,1
"4162",51,64,1
"4163",49,64,1
"4164",38,64,1
"4165",74,29,1
"4166",77,29,2
"4167",63,99,1
"4168",56,99,7
"4169",133,99,2
"4170",32,99,1
"4171",101,159,1
"4172",75,159,2
"4173",148,20,1
"4174",55,8,5
"4175",37,159,4
"4176",68,36,1
"4177",148,77,1
"4178",17,8,1
"4179",120,94,2
"4180",38,94,1
"4181",54,94,2
"4182",35,94,1
"4183",106,48,3
"4184",120,10,1
"4185",14,10,2
"4186",4,10,4
"4187",159,10,1
"4188",46,120,7
"4189",18,120,3
"4190",134,120,4
"4191",120,13,4
"4192",26,38,1
"4193",75,8,4
"4194",35,57,1
"4195",45,57,1
"4196",56,57,1
"4197",58,120,2
"4198",13,8,3
"4199",13,120,3
"4200",22,120,1
"4201",61,120,17
"4202",54,120,1
"4203",134,29,4
"4204",88,120,5
"4205",110,120,3
"4206",180,8,4
"4207",130,159,4
"4208",53,8,1
"4209",25,159,1
"4210",85,8,1
"4211",19,8,2
"4212",39,8,1
"4213",149,159,1
"4214",165,159,2
"4215",86,159,1
"4216",171,159,1
"4217",110,159,2
"4218",164,159,2
"4219",169,159,1
"4220",172,159,1
"4221",53,159,3
"4222",133,159,2
"4223",196,91,2
"4224",159,11,1
"4225",65,99,1
"4226",6,99,2
"4227",68,5,1
"4228",111,15,1
"4229",32,36,2
"4230",21,99,4
"4231",182,159,3
"4232",120,51,3
"4233",114,8,2
"4234",39,120,3
"4235",12,8,8
"4236",87,8,4
"4237",124,8,1
"4238",127,159,1
"4239",125,159,1
"4240",173,159,1
"4241",82,159,1
"4242",68,31,2
"4243",81,14,1
"4244",86,10,1
"4245",27,23,1
"4246",20,10,1
"4247",32,6,1
"4248",86,23,1
"4249",4,55,1
"4250",18,17,1
"4251",91,17,1
"4252",66,57,1
"4253",29,54,1
"4254",111,75,1
"4255",7,113,2
"4256",43,39,6
"4257",12,110,9
"4258",33,32,1
"4259",77,33,1
"4260",121,18,1
"4261",81,24,1
"4262",98,102,2
"4263",34,6,1
"4264",68,7,1
"4265",178,7,1
"4266",23,34,1
"4267",31,135,5
"4268",29,35,1
"4269",126,13,1
"4270",152,152,5
"4271",125,36,1
"4272",50,9,1
"4273",161,161,1
"4274",25,6,1
"4275",20,56,2
"4276",118,4,6
"4277",43,25,1
"4278",73,7,3
"4279",91,135,1
"4280",126,72,3
"4281",153,20,1
"4282",36,125,1
"4283",127,20,1
"4284",187,1,2
"4285",160,7,1
"4286",129,22,2
"4287",148,39,1
"4288",83,59,4
"4289",37,133,3
"4290",89,133,1
"4291",114,7,3
"4292",13,105,2
"4293",125,18,1
"4294",136,7,1
"4295",133,20,1
"4296",57,19,1
"4297",129,20,2
"4298",60,3,1
"4299",115,39,1
"4300",31,162,1
"4301",54,162,2
"4302",2,57,3
"4303",123,95,1
"4304",24,118,1
"4305",13,118,1
"4306",12,34,1
"4307",61,6,1
"4308",60,21,3
"4309",93,36,1
"4310",98,36,2
"4311",64,50,1
"4312",77,50,1
"4313",149,39,2
"4314",24,14,2
"4315",38,14,2
"4316",12,66,2
"4317",135,66,2
"4318",29,73,1
"4319",49,50,1
"4320",42,50,1
"4321",114,29,3
"4322",72,12,2
"4323",50,15,1
"4324",27,46,1
"4325",100,56,3
"4326",30,60,1
"4327",101,6,1
"4328",42,32,1
"4329",69,7,1
"4330",23,20,2
"4331",102,98,1
"4332",55,98,1
"4333",158,22,6
"4334",37,18,3
"4335",67,39,4
"4336",86,71,1
"4337",86,27,1
"4338",56,59,1
"4339",7,52,1
"4340",125,46,1
"4341",30,112,1
"4342",45,13,1
"4343",87,111,1
"4344",52,33,1
"4345",53,23,1
"4346",159,31,9
"4347",129,31,1
"4348",187,31,1
"4349",58,31,1
"4350",150,31,3
"4351",59,31,3
"4352",204,31,8
"4353",28,31,1
"4354",64,35,7
"4355",64,10,3
"4356",64,59,3
"4357",91,86,1
"4358",1,162,3
"4359",177,177,6
"4360",38,69,1
"4361",185,185,4
"4362",144,144,2
"4363",179,179,2
"4364",31,148,12
"4365",189,189,1
"4366",155,155,26
"4367",162,162,1
"4368",155,3,1
"4369",87,31,1
"4370",81,22,1
"4371",31,119,3
"4372",149,172,2
"4373",172,149,1
"4374",57,64,2
"4375",106,38,1
"4376",111,79,1
"4377",160,160,129
"4378",111,132,2
"4379",106,31,1
"4380",31,190,1
"4381",155,65,132
"4382",190,190,8
"4383",154,31,1
"4384",4,139,2
"4385",184,184,1
"4386",42,24,2
"4387",159,100,7
"4388",109,109,1
"4389",170,170,2
"4390",192,192,1
"4391",31,77,2
"4392",24,101,4
"4393",65,155,135
"4394",53,92,1
"4395",24,146,1
"4396",186,186,4
"4397",64,65,1
"4398",162,130,1
"4399",117,117,2
"4400",13,171,1
"4401",91,143,1
"4402",106,39,1
"4403",138,99,1
"4404",24,185,1
"4405",38,88,1
"4406",201,201,2
"4407",143,143,1
"4408",119,57,1
"4409",171,171,2
"4410",128,128,1
"4411",31,177,1
"4412",100,160,11
"4413",81,81,1
"4414",1,169,1
"4415",31,155,2
"4416",15,64,2
"4417",101,178,1
"4418",15,101,2
"4419",101,64,1
"4420",15,81,5
"4421",175,175,6
"4422",81,15,1
"4423",188,188,2
"4424",7,171,1
"4425",31,171,1
"4426",156,156,2
"4427",34,116,1
"4428",203,203,1
"4429",174,174,2
"4430",56,25,1
"4431",204,204,1
"4432",149,31,1
"4433",197,197,1
"4434",178,178,3
"4435",202,202,1
"4436",187,187,2
"4437",195,195,1
"4438",64,133,3
"4439",64,55,19
"4440",64,2,20
"4441",64,88,7
"4442",91,134,9
"4443",64,74,7
"4444",64,51,1
"4445",77,87,1
"4446",3,87,1
"4447",64,146,3
"4448",77,2,4
"4449",64,167,3
"4450",91,88,1
"4451",8,77,4
"4452",64,87,1
"4453",64,127,1
"4454",91,133,1
"4455",64,39,1
"4456",159,92,2
"4457",163,163,2
"4458",91,74,1
"4459",64,92,3
"4460",120,30,1
"4461",3,148,1
"4462",31,170,1
"4463",159,2,1
"4464",148,3,1
"4465",91,35,1
"4466",3,10,1
"4467",48,77,1
"4468",64,169,1
"4469",91,49,1
"4470",77,49,1
"4471",91,55,1
"4472",64,124,1
